date,AOT,CCU,CTI,CWS,KDB,RGB,SDD,SLP,TSM,TUR
2022-06-01,,0.061716042,,,,,,,,
2022-06-02,,0.047604065,,,,,,,,
2022-06-03,,0.07932847,,,,,,,,
2022-06-04,,0.06803505,,,,,,,,
2022-06-05,,0.05491193,,,,,,,,
2022-06-06,,0.054306068,,,,,,,,
2022-06-07,,0.062175073,,,,,,,,
2022-06-08,,0.0573075,,,,,,,,
2022-06-09,,0.15304187,,,,,,,,
2022-06-10,,0.20224117,,,,,,,,
2022-06-11,,0.19719774,,,,,,,,
2022-06-12,,0.14831161,,,,,,,,
2022-06-13,,0.04951484,,,,,,,,
2022-06-14,,0.067522824,,,,,,,,
2022-06-15,,0.09888766,,,,,,,,
2022-06-16,,0.19021377,,,,,,,,
2022-06-17,,0.1706637,,,,,,,,
2022-06-18,,0.08663506,,,,,,,,
2022-06-19,,0.06452902,,,,,,,,
2022-06-20,,0.10476441,,,,,,,,
2022-06-21,,0.11182859,,,,,,,,
2022-06-22,,0.12369652,,,,,,,,
2022-06-23,,0.04990409,,,,,,,,
2022-06-24,,0.07772085,,,,,,,,
2022-06-25,,0.18946576,,,,,,,,
2022-06-26,,0.1934689,,,,,,,,
2022-06-27,,0.19136281,,,,,,,,
2022-06-28,,0.20132823,,,,,,,,
2022-06-29,,0.17428593,,,,,,,,
2022-06-30,,0.16950871,,,,,,,,
2022-07-01,,0.1723307,,,,,,,,
2022-07-02,,0.20371525,,,,,,,,
2022-07-03,,0.21070664,,,,,,,,
2022-07-04,,0.17458771,,,,,,,,
2022-07-05,,0.15578912,,,,,,,,
2022-07-06,,0.14746897,,,,,,,,
2022-07-07,,0.094409965,,,,,,,,
2022-07-08,,0.1206611,,,,,,,,
2022-07-09,,0.13008566,,,,,,,,
2022-07-10,,0.094632745,,,,,,,,
2022-07-11,,0.09622661,,,,,,,,
2022-07-12,,0.124303505,,,,,,,,
2022-07-13,,0.1575154,,,,,,,,
2022-07-14,,0.11942835,,,,,,,,
2022-07-15,,0.099228784,,,,,,,,
2022-07-16,,0.115611285,,,,,,,,
2022-07-17,,0.11184682,,,,,,,,
2022-07-18,,0.10208207,,,,,,,,
2022-07-19,,0.07083381,,,,,,,,
2022-07-20,,0.07191155,,,,,,,,
2022-07-21,,0.10010124,,,,,,,,
2022-07-22,,0.08852333,,,,,,,,
2022-07-23,,0.094306484,,,,,,,,
2022-07-24,,0.1301308,,,,,,,,
2022-07-25,,0.16633973,,,,,,,,
2022-07-26,,0.157431,,,,,,,,
2022-07-27,,0.08979757,,,,,,,,
2022-07-28,,0.09765582,,,,,,,,
2022-07-29,,0.09888839,,,,,,,,
2022-07-30,,0.099110395,,,,,,,,
2022-07-31,,0.10076452,,,,,,,,
2022-08-01,,0.098240696,,,,,,,,
2022-08-02,,0.098219134,,,,,,,,
2022-08-03,,0.0860087,,,,,,,,
2022-08-04,,0.08066059,,,,,,,,
2022-08-05,,0.069630496,,,,,,,,
2022-08-06,,0.11581555,,,,,,,,
2022-08-07,,0.14463764,,,,,,,,
2022-08-08,,0.097893216,,,,,,,,
2022-08-09,,0.09642421,,,,,,,,
2022-08-10,,0.10307865,,,,,,,,
2022-08-11,,0.13539928,,,,,,,,
2022-08-12,,0.14302243,,,,,,,,
2022-08-13,,0.09144094,,,,,,,,
2022-08-14,,0.0876397,,,,,,,,
2022-08-15,,0.08033621,,,,,,,,
2022-08-16,,0.07181684,,,,,,,,
2022-08-17,,0.07622387,,,,,,,,
2022-08-18,,0.06794786,,,,,,,,
2022-08-19,,0.058433443,,,,,,,,
2022-08-20,,0.058101248,,,,,,,,
2022-08-21,,0.0652292,,,,,,,,
2022-08-22,,0.07428128,,,,,,,,
2022-08-23,,0.11456363,,,,,,,,
2022-08-24,,0.10238884,,,,,,,,
2022-08-25,,0.0672765,,,,,,,,
2022-08-26,,0.052436758,,,,,,,,
2022-08-27,,0.050788533,,,,,,,,
2022-08-28,,0.04790164,,,,,,,,
2022-08-29,,0.04540266,,,,,,,,
2022-08-30,,0.06016822,,,,,,,,
2022-08-31,,0.052723512,,,,,,,,
2022-09-01,,0.039606787,-0.014234662,,,,,,,
2022-09-02,,0.047395863,-0.01023851,,,,,,,
2022-09-03,,0.057206333,-0.0035741308,,,,,,,
2022-09-04,,0.0499663,0.0046191514,,,,,,,
2022-09-05,,0.04785847,0.011769888,,,,,,,
2022-09-06,,0.09741827,0.014894779,,,,,,,
2022-09-07,,0.12456533,0.0122326,,,,,,,
2022-09-08,,0.10067008,0.0045078034,,,,,,,
2022-09-09,,0.06326232,-0.005164619,,,,,,,
2022-09-10,,0.04471054,-0.012856973,,,,,,,
2022-09-11,,0.036612697,-0.015706379,,,,,,,
2022-09-12,,0.066392384,-0.013271572,,,,,,,
2022-09-13,,0.040460013,-0.0076472647,,,,,,,
2022-09-14,,0.040110137,-0.0022591255,,,,,,,
2022-09-15,,0.08629733,2.5293915e-05,,,,,,,
2022-09-16,,0.15231542,-0.0014329515,,,,,,,
2022-09-17,,0.17385018,-0.0047805374,,,,,,,
2022-09-18,,0.075841054,-0.00731652,,,,,,,
2022-09-19,,0.042535704,-0.007516947,,,,,,,
2022-09-20,,0.04098562,-0.006177197,,,,,,,
2022-09-21,,0.052038845,-0.005417832,,,,,,,
2022-09-22,,0.06458333,-0.006815043,,,,,,,
2022-09-23,,0.046771225,-0.010290197,,,,,,,
2022-09-24,,0.118420266,-0.014420244,,,,,,,
2022-09-25,,0.16387074,-0.017632836,,,,,,,
2022-09-26,,0.16562833,-0.019034447,,,,,,,
2022-09-27,,0.17003381,-0.018321544,,,,,,,
2022-09-28,,0.14887644,-0.015341269,,,,,,,
2022-09-29,,0.11065692,-0.009997118,,,,,,,
2022-09-30,,0.08670401,-0.0024537782,,,,,,,
2022-10-01,,0.11131297,0.0064449827,,,,,,,
2022-10-02,,0.094215296,0.01501135,,,,,,,
2022-10-03,,0.053252716,0.020798692,,,,,,,
2022-10-04,,0.06352575,0.021306494,,,,,,,
2022-10-05,,0.1323969,0.015219199,,,,,,,
2022-10-06,,0.13670124,0.0037360666,,,,,,,
2022-10-07,,0.064520285,-0.009410687,,,,,,,
2022-10-08,,0.06269902,-0.019494135,,,,,,,
2022-10-09,,0.06627597,-0.02306084,,,,,,,
2022-10-10,,0.06560012,-0.019576063,,,,,,,
2022-10-11,,0.07744376,-0.0113530895,,,,,,,
2022-10-12,,0.08869078,-0.0022077132,,,,,,,
2022-10-13,,0.09102511,0.0044470434,,,,,,,
2022-10-14,,0.05847762,0.006921992,,,,,,,
2022-10-15,,0.057778977,0.005745827,,,,,,,
2022-10-16,,0.05379495,0.003026189,,,,,,,
2022-10-17,,0.073882684,0.0009435705,,,,,,,
2022-10-18,,0.08572499,0.00010557431,,,,,,,
2022-10-19,,0.05711371,-0.0007151011,,,,,,,
2022-10-20,,0.042572755,-0.0033863517,,,,,,,
2022-10-21,,0.06505544,-0.008500933,,,,,,,
2022-10-22,,0.068135,-0.014683904,,,,,,,
2022-10-23,,0.04285526,-0.019579088,,,,,,,
2022-10-24,,0.04010392,-0.021408768,,,,,,,
2022-10-25,,0.047228068,-0.019681912,,,,,,,
2022-10-26,,0.04421303,-0.0146855535,,,,,,,
2022-10-27,,0.040805686,-0.006790849,,,,,,,
2022-10-28,,0.043418124,0.0035353652,,,,,,,
2022-10-29,,0.04913627,0.015062213,,,,,,,
2022-10-30,,0.05228034,0.0253898,,,,,,,
2022-10-31,,0.0517341,0.031497713,,,,,,,
2022-11-01,,0.061883416,0.030808732,,,,,,,
2022-11-02,,0.080158375,0.022485131,,,,,,,
2022-11-03,,0.101845466,0.008236722,,,,,,,
2022-11-04,,0.108942635,-0.007893881,,,,,,,
2022-11-05,,0.09981793,-0.020640606,,,,,,,
2022-11-06,,0.06480291,-0.02590035,,,,,,,
2022-11-07,,0.046271104,-0.022705903,,,,,,,
2022-11-08,,0.0901642,-0.01355283,,,,,,,
2022-11-09,,0.043326274,-0.0028439083,,,,,,,
2022-11-10,,0.06725336,0.005562722,,,,,,,
2022-11-11,,0.05448925,0.009921787,,,,,,,
2022-11-12,,0.037131894,0.010642936,,,,,,,
2022-11-13,,0.063234046,0.009341678,,,,,,,
2022-11-14,,0.08554246,0.0076835556,,,,,,,
2022-11-15,,0.0636137,0.006441408,,,,,,,
2022-11-16,,0.030357294,0.0051354757,,,,,,,
2022-11-17,,0.08099334,0.002420511,,,,,,,
2022-11-18,,0.022052843,-0.0026838973,,,,,,,
2022-11-19,,0.11941846,-0.009605339,,,,,,,
2022-11-20,,0.15924542,-0.016172117,,,,,,,
2022-11-21,,0.13083418,-0.019880965,,,,,,,
2022-11-22,,0.07423715,-0.019359142,,,,,,,
2022-11-23,,0.035548903,-0.0147749055,,,,,,,
2022-11-24,,0.01643878,-0.006914569,,,,,,,
2022-11-25,,0.041671295,0.0035350902,,,,,,,
2022-11-26,,0.032067828,0.015726177,,,,,,,
2022-11-27,,0.053590335,0.027777871,,,,,,,
2022-11-28,,0.11642043,0.03640747,,,,,,,
2022-11-29,,0.046511542,0.03820141,,,,,,,
2022-11-30,,0.019158911,0.031339634,,,,,,,
2022-12-01,,0.04067825,0.016991418,,,,,,,
2022-12-02,,0.08100249,-0.0007599152,,,,,,,
2022-12-03,,0.09354005,-0.016368968,,,,,,,
2022-12-04,,0.0712038,-0.025071701,,,,,,,
2022-12-05,,0.046610035,-0.024867428,,,,,,,
2022-12-06,,0.03862205,-0.01742114,,,,,,,
2022-12-07,,0.03561902,-0.006962682,,,,,,,
2022-12-08,,0.07340762,0.002072171,,,,,,,
2022-12-09,,0.13646302,0.007321744,,,,,,,
2022-12-10,,0.15942201,0.009074718,,,,,,,
2022-12-11,,0.15589127,0.009067569,,,,,,,
2022-12-12,,0.12121551,0.008826729,,,,,,,
2022-12-13,,0.07278965,0.008716755,,,,,,,
2022-12-14,,0.034775186,0.008076436,,,,,,,
2022-12-15,,0.050112806,0.005967149,,,,,,,
2022-12-16,,0.03263227,0.0017843161,,,,,,,
2022-12-17,,0.11129176,-0.0041077756,,,,,,,
2022-12-18,,0.15110776,-0.010368553,,,,,,,
2022-12-19,,0.119652376,-0.014994303,,,,,,,
2022-12-20,,0.06893957,-0.016438803,,,,,,,
2022-12-21,,0.027014133,-0.014225315,,,,,,,
2022-12-22,,0.033606384,-0.008954847,,,,,,,
2022-12-23,,0.087415576,-0.0013312262,,,,,,,
2022-12-24,,0.03809869,0.008254317,,,,,,,
2022-12-25,,0.12582581,0.019153766,,,,,,,
2022-12-26,,0.07668765,0.029461557,,,,,,,
2022-12-27,,0.020459538,0.035819944,,,,,,,
2022-12-28,,0.17997676,0.034945652,,,,,,,
2022-12-29,,0.1559835,0.02565071,,,,,,,
2022-12-30,,0.11437746,0.010189847,,,,,,,
2022-12-31,,0.1296078,-0.0065607294,,,,,,,
2023-01-01,,0.14130905,-0.019252194,,,,,,,
2023-01-02,,0.118044004,-0.024443481,,,,,,,
2023-01-03,,0.074855395,-0.022018021,,,,,,,
2023-01-04,,0.049232997,-0.014780956,,,,,,,
2023-01-05,,0.042261157,-0.0067212903,,,,,,,
2023-01-06,,0.08087898,-0.0008421202,,,,,,,
2023-01-07,,0.086557455,0.0021648235,,,,,,,
2023-01-08,,0.06639971,0.0034842277,,,,,,,
2023-01-09,,0.027267681,0.004621351,,,,,,,
2023-01-10,,0.05909881,0.0060301083,,,,,,,
2023-01-11,,0.18552345,0.0068538086,,,,,,,
2023-01-12,,0.10052303,0.005953677,,,,,,,
2023-01-13,,0.0424921,0.0029360107,,,,,,,
2023-01-14,,0.04643606,-0.0015852645,,,,,,,
2023-01-15,,0.08288802,-0.006266551,,,,,,,
2023-01-16,,0.044886492,-0.009821162,,,,,,,
2023-01-17,,0.029974766,-0.011493855,,,,,,,
2023-01-18,,0.17451072,-0.011178507,,,,,,,
2023-01-19,,0.13842721,-0.009283667,,,,,,,
2023-01-20,,0.09372108,-0.006134033,,,,,,,
2023-01-21,,0.06602204,-0.0015478734,,,,,,,
2023-01-22,,0.035002023,0.0050098314,,,,,,,
2023-01-23,,0.053743802,0.013458802,,,,,,,
2023-01-24,,0.051930897,0.022164835,,,,,,,
2023-01-25,,0.07300142,0.027857877,,,,,,,
2023-01-26,,0.06304191,0.027349524,,,,,,,
2023-01-27,,0.063012846,0.019439146,,,,,,,
2023-01-28,,0.16614868,0.006159327,,,,,,,
2023-01-29,,0.11456626,-0.007993956,,,,,,,
2023-01-30,,0.060920037,-0.018427942,,,,,,,
2023-01-31,,0.12991343,-0.022689957,,,,,,,
2023-02-01,,0.108220845,-0.02126333,,,,,,,
2023-02-02,,0.059348665,-0.016706312,,,,,,,
2023-02-03,,0.14906815,-0.011807004,,,,,,,
2023-02-04,,0.13744251,-0.008075886,,,,,,,
2023-02-05,,0.07549818,-0.005372743,,,,,,,
2023-02-06,,0.08141855,-0.0028587547,,,,,,,
2023-02-07,,0.07392673,-8.9078334e-05,,,,,,,
2023-02-08,,0.13490376,0.0023297835,,,,,,,
2023-02-09,,0.17295232,0.0032796774,,,,,,,
2023-02-10,,0.15518573,0.0021043383,,,,,,,
2023-02-11,,0.083465606,-0.0007222494,,,,,,,
2023-02-12,,0.07879707,-0.0037759317,,,,,,,
2023-02-13,,0.06677651,-0.0057505015,,,,,,,
2023-02-14,,0.064606585,-0.0062478557,,,,,,,
2023-02-15,,0.062624,-0.0059828204,,,,,,,
2023-02-16,,0.18461673,-0.006029834,,,,,,,
2023-02-17,,0.23082687,-0.0068474845,,,,,,,
2023-02-18,,0.20385738,-0.0077168234,,,,,,,
2023-02-19,,0.17936954,-0.007005296,,,,,,,
2023-02-20,,0.15928954,-0.003141111,,,,,,,
2023-02-21,,0.10116393,0.0041025523,,,,,,,
2023-02-22,,0.04044846,0.012889965,,,,,,,
2023-02-23,,0.07617596,0.01976247,,,,,,,
2023-02-24,,0.120216444,0.021268828,,,,,,,
2023-02-25,,0.0803075,0.015932102,,,,,,,
2023-02-26,,0.09419324,0.0052930126,,,,,,,
2023-02-27,,0.08641123,-0.0067820502,,,,,,,
2023-02-28,,0.08807154,-0.016220504,,,,,,,
2023-03-01,,0.10546589,-0.020906191,,,,,,,
2023-03-02,,0.08202895,-0.02129577,,,,,,,
2023-03-03,,0.049623672,-0.019399282,,,,,,,
2023-03-04,,0.035159234,-0.01698207,,,,,,,
2023-03-05,,0.03344233,-0.014589603,,,,,,,
2023-03-06,,0.03667594,-0.011796006,,,,,,,
2023-03-07,,0.035732366,-0.008215827,,,,,,,
2023-03-08,,0.074532,-0.0042782347,,,,,,,
2023-03-09,,0.1481732,-0.0010120289,,,,,,,
2023-03-10,,0.05401176,0.0006609393,,,,,,,
2023-03-11,,0.12098138,0.00074066996,,,,,,,
2023-03-12,,0.041355472,7.0382914e-05,,,,,,,
2023-03-13,,0.03500993,-0.00023231846,,,,,,,
2023-03-14,,0.037428282,0.00031424858,,,,,,,
2023-03-15,,0.075140595,0.0009644654,,,,,,,
2023-03-16,,0.08207967,0.00024084153,,,,,,,
2023-03-17,,0.16747852,-0.002952232,,,,,,,
2023-03-18,,0.118859835,-0.008105854,,,,,,,
2023-03-19,,0.03526126,-0.012914709,,,,,,,
2023-03-20,,0.05673126,-0.014415569,,,,,,,
2023-03-21,,0.077667184,-0.010721293,,,,,,,
2023-03-22,,0.08833377,-0.0022981663,,,,,,,
2023-03-23,,0.09113561,0.008014576,,,,,,,
2023-03-24,,0.07260371,0.016252397,,,,,,,
2023-03-25,,0.042033207,0.019004203,,,,,,,
2023-03-26,,0.06762651,0.015110051,,,,,,,
2023-03-27,,0.03243454,0.0062041413,,,,,,,
2023-03-28,,0.08652151,-0.0041894307,,,,,,,
2023-03-29,,0.10477515,-0.012565818,,,,,,,
2023-03-30,,0.091154315,-0.017285597,,,,,,,
2023-03-31,,0.051224884,-0.018985784,,,,,,,
2023-04-01,,0.18259525,-0.019393234,,,,,,,
2023-04-02,,0.22244076,-0.019498259,,,,,,,
2023-04-03,,0.1752209,-0.018902753,,,,,,,
2023-04-04,,0.13043103,-0.016575718,,,,,,,
2023-04-05,,0.10787975,-0.012205658,,,,,,,
2023-04-06,,0.06385162,-0.0066613546,,,,,,,
2023-04-07,,0.043852694,-0.0013394742,,,,,,,
2023-04-08,,0.086949036,0.0028271375,,,,,,,
2023-04-09,,0.08724042,0.0058376556,,,,,,,
2023-04-10,,0.039503325,0.00816579,,,,,,,
2023-04-11,,0.049513627,0.009997394,,,,,,,
2023-04-12,,0.10928152,0.010747137,,,,,,,
2023-04-13,,0.064210355,0.009175069,,,,,,,
2023-04-14,,0.14593081,0.004208402,,,,,,,
2023-04-15,,0.1637886,-0.0039106486,,,,,,,
2023-04-16,,0.12813915,-0.012979593,,,,,,,
2023-04-17,,0.091800526,-0.019342095,,,,,,,
2023-04-18,,0.06814058,-0.019785838,,,,,,,
2023-04-19,,0.06263961,-0.013357626,,,,,,,
2023-04-20,,0.06377409,-0.00224153,,,,,,,
2023-04-21,,0.03847146,0.009360097,,,,,,,
2023-04-22,,0.03240134,0.017305667,,,,,,,
2023-04-23,,0.035623573,0.019230472,,,,,,,
2023-04-24,,0.02458499,0.015297007,,,,,,,
2023-04-25,,0.029277598,0.0076637613,,,,,,,
2023-04-26,,0.08523539,-0.0006642384,,,,,,,
2023-04-27,,0.107516885,-0.0073602344,,,,,,,
2023-04-28,,0.07314931,-0.0118355965,,,,,,,
2023-04-29,,0.047439385,-0.0150135495,,,,,,,
2023-04-30,,0.054268368,-0.018044684,,,,,,,
2023-05-01,,0.057114664,-0.020825911,,,,,,,
2023-05-02,,0.1955127,-0.021780478,,,,,,,
2023-05-03,,0.18424237,-0.019207379,,,,,,,
2023-05-04,,0.15382898,-0.012931205,,,,,,,
2023-05-05,,0.14994536,-0.0044998312,,,,,,,
2023-05-06,,0.110713184,0.003898827,,,,,,,
2023-05-07,,0.04290702,0.010888177,,,,,,,
2023-05-08,,0.073498845,0.01616332,,,,,,,
2023-05-09,,0.08720458,0.019762194,,,,,,,
2023-05-10,,0.08638153,0.021118438,,,,,,,
2023-05-11,,0.062272485,0.01914167,,,,,,,
2023-05-12,,0.09070124,0.012919382,,,,,,,
2023-05-13,,0.05638754,0.0027779248,,,,,,,
2023-05-14,,0.11696143,-0.009188541,,,,,,,
2023-05-15,,0.14734805,-0.019306354,,,,,,,
2023-05-16,,0.1114603,-0.023719855,,,,,,,
2023-05-17,,0.0629277,-0.020293638,,,,,,,
2023-05-18,,0.044773508,-0.010132386,,,,,,,
2023-05-19,,0.08193709,0.0027922208,,,,,,,
2023-05-20,,0.04620837,0.0135921445,,,,,,,
2023-05-21,,0.11126116,0.019011075,,,,,,,
2023-05-22,,0.06246748,0.018591529,,,,,,,
2023-05-23,,0.047737807,0.01404936,,,,,,,
2023-05-24,,0.07305308,0.007777583,,,,,,,
2023-05-25,,0.08572285,0.0015833398,,,,,,,
2023-05-26,,0.09429399,-0.0038380667,,,,,,,
2023-05-27,,0.06927222,-0.008791262,,,,,,,
2023-05-28,,0.07961058,-0.0138569055,,,,,,,
2023-05-29,,0.09181047,-0.018901654,,,,,,,
2023-05-30,,0.13713361,-0.022477984,,,,,,,
2023-05-31,,0.15708016,-0.022399077,,,,,,,
2023-06-01,,0.14419001,-0.017286971,,,,,,,
2023-06-02,,0.1401942,-0.007914499,,,,,,,
2023-06-03,,0.14699045,0.0030451596,,,,,,,
2023-06-04,,0.1161489,0.012720332,,,,,,,
2023-06-05,,0.03604025,0.019605208,,,,,,,
2023-06-06,,0.07299623,0.023719031,,,,,,,
2023-06-07,,0.1317025,0.025336739,,,,,,,
2023-06-08,,0.08300507,0.023931004,,,,,,,
2023-06-09,,0.08354098,0.018547814,,,,,,,
2023-06-10,,0.12886326,0.008883091,,,,,,,
2023-06-11,,0.09901532,-0.003569182,,,,,,,
2023-06-12,,0.09842175,-0.015518327,,,,,,,
2023-06-13,,0.11382926,-0.023034723,,,,,,,
2023-06-14,,0.17683806,-0.023280513,,,,,,,
2023-06-15,,0.19762795,-0.016059669,,,,,,,
2023-06-16,,0.13072844,-0.0042507416,,,,,,,
2023-06-17,,0.12014461,0.0074289683,,,,,,,
2023-06-18,,0.11001303,0.01484144,,,,,,,
2023-06-19,,0.116109535,0.016503137,,,,,,,
2023-06-20,,0.14263345,0.013644108,,,,,,,
2023-06-21,,0.15785666,0.008780815,,,,,,,
2023-06-22,,0.1647203,0.0037443147,,,,,,,
2023-06-23,,0.14708145,-0.0011200776,,,,,,,
2023-06-24,,0.11828447,-0.0062805726,,,,,,,
2023-06-25,,0.1334695,-0.012016776,,,,,,,
2023-06-26,,0.13088028,-0.0176771,,,,,,,
2023-06-27,,0.04384316,-0.021737037,,,,,,,
2023-06-28,,0.095694736,-0.022228617,,,,,,,
2023-06-29,,0.13393012,-0.01787945,,,,,,,
2023-06-30,,0.15322368,-0.009029904,,,,,,,
2023-07-01,,0.15018657,0.0019839176,,,,,,,
2023-07-02,,0.15173669,0.011793807,,,,,,,
2023-07-03,,0.16747962,0.017948186,,,,,,,
2023-07-04,,0.17432068,0.02012978,,,,,,,
2023-07-05,,0.18329176,0.01970171,,,,,,,
2023-07-06,,0.13199177,0.017916018,,,,,,,
2023-07-07,,0.08280355,0.014735866,,,,,,,
2023-07-08,,0.094207086,0.009139603,,,,,,,
2023-07-09,,0.09903698,0.0007461686,,,,,,,
2023-07-10,,0.097435154,-0.009033753,,,,,,,
2023-07-11,,0.11817455,-0.017198168,,,,,,,
2023-07-12,,0.23417045,-0.020650778,,,,,,,
2023-07-13,,0.22343682,-0.017945712,,,,,,,
2023-07-14,,0.100387804,-0.010231361,,,,,,,
2023-07-15,,0.1122527,-0.0008058291,,,,,,,
2023-07-16,,0.15884228,0.006474125,,,,,,,
2023-07-17,,0.19237477,0.009225657,,,,,,,
2023-07-18,,0.14949681,0.007538942,,,,,,,
2023-07-19,,0.19680695,0.0034105456,,,,,,,
2023-07-20,,0.20348354,-0.0010595922,,,,,,,
2023-07-21,,0.15139489,-0.0050716917,,,,,,,
2023-07-22,,0.17482057,-0.009184142,,,,,,,
2023-07-23,,0.18065068,-0.013938561,,,,,,,
2023-07-24,,0.15671593,-0.01876996,,,,,,,
2023-07-25,,0.13217752,-0.021880005,,,,,,,
2023-07-26,,0.10130519,-0.021267727,,,,,,,
2023-07-27,,0.120420046,-0.01598571,,,,,,,
2023-07-28,,0.12037888,-0.006972304,,,,,,,
2023-07-29,,0.13594063,0.0032013215,,,,,,,
2023-07-30,,0.12960021,0.01122717,,,,,,,
2023-07-31,,0.14070617,0.0145995,,,,,,,
2023-08-01,,0.13339308,0.012955949,,,,,,,
2023-08-02,,0.08198975,0.008314803,,,,,,,
2023-08-03,,0.11376097,0.0037740073,,,,,,,
2023-08-04,,0.16806498,0.001324078,,,,,,,
2023-08-05,,0.08658346,0.00065736513,,,,,,,
2023-08-06,,0.111058906,-0.0001418655,,,,,,,
2023-08-07,,0.15463272,-0.0027416328,,,,,,,
2023-08-08,,0.14127389,-0.0070289406,,,,,,,
2023-08-09,,0.08267342,-0.011054236,,,,,,,
2023-08-10,,0.068025745,-0.012590563,,,,,,,
2023-08-11,,0.068240255,-0.0107190935,,,,,,,
2023-08-12,,0.07021897,-0.006590972,,,,,,,
2023-08-13,,0.07163577,-0.0025513794,,,,,,,
2023-08-14,,0.075494885,-0.0008113278,,,,,,,
2023-08-15,,0.07417042,-0.002063648,,,,,,,
2023-08-16,,0.09238528,-0.0053807157,,,,,,,
2023-08-17,,0.09365949,-0.009104686,,,,,,,
2023-08-18,,0.098431975,-0.012144347,,,,,,,
2023-08-19,,0.07816645,-0.014618745,,,,,,,
2023-08-20,,0.09197181,-0.01712751,,,,,,,
2023-08-21,,0.08709503,-0.019654145,,,,,,,
2023-08-22,,0.08139241,-0.020856977,,,,,,,
2023-08-23,,0.10883072,-0.018820822,,,,,,,
2023-08-24,,0.12506557,-0.012471518,,,,,,,
2023-08-25,,0.08508508,-0.0028532562,,,,,,,
2023-08-26,,0.10138874,0.007005296,,,,,,,
2023-08-27,,0.115298375,0.013357076,,,,,,,
2023-08-28,,0.10376952,0.013618537,,,,,,,
2023-08-29,,0.07070942,0.0077778585,,,,,,,
2023-08-30,,0.06850714,-0.0014510971,,,,,,,
2023-08-31,,0.12709157,-0.009847829,,,,,,,
2023-09-01,,0.13543995,-0.013731261,,,,,,,
2023-09-02,,0.08385994,-0.011886734,,,,,,,
2023-09-03,,0.046880495,-0.0061092894,,,,,,,
2023-09-04,,0.04928523,1.787052e-05,,,,,,,
2023-09-05,,0.06775904,0.0033118445,,,,,,,
2023-09-06,,0.051423904,0.00285793,,,,,,,
2023-09-07,,0.093985885,-1.3196797e-05,,,,,,,
2023-09-08,,0.078202434,-0.0030767769,,,,,,,
2023-09-09,,0.064238146,-0.0050268774,,,,,,,
2023-09-10,,0.09357678,-0.0061365077,,,,,,,
2023-09-11,,0.03486563,-0.007634618,,,,,,,
2023-09-12,,0.031756047,-0.010286349,,,,,,,
2023-09-13,,0.08889446,-0.013752156,,,,,,,
2023-09-14,,0.10832813,-0.016865497,,,,,,,
2023-09-15,,0.18290259,-0.018656963,,,,,,,
2023-09-16,,0.20635283,-0.01906139,,,,,,,
2023-09-17,,0.18034244,-0.018682258,,,,,,,
2023-09-18,,0.16295902,-0.017937187,,,,,,,
2023-09-19,,0.13580072,-0.016348349,,,,,,,
2023-09-20,,0.1209389,-0.0126089845,,,,,,,
2023-09-21,,0.154736,-0.0057788193,,,,,,,
2023-09-22,,0.12932086,0.003532616,,,,,,,
2023-09-23,,0.07661674,0.012679641,,,,,,,
2023-09-24,,0.08595421,0.017877253,,,,,,,
2023-09-25,,0.06510498,0.016201809,,,,,,,
2023-09-26,,0.07708853,0.0074831294,,,,,,,
2023-09-27,,0.08139269,-0.0052072336,,,,,,,
2023-09-28,,0.08958153,-0.016844327,,,,,,,
2023-09-29,,0.090509735,-0.02275814,,,,,,,
2023-09-30,,0.09802688,-0.020774497,,,,,,,
2023-10-01,,0.16162659,-0.012089634,,,,,,,
2023-10-02,,0.169364,-0.00053034583,,,,,,,
2023-10-03,,0.13219245,0.009362022,,,,,,,
2023-10-04,,0.13736965,0.014372404,,,,,,,
2023-10-05,,0.18194163,0.013840134,,,,,,,
2023-10-06,,0.22430272,0.009435705,,,,,,,
2023-10-07,,0.18226765,0.003684929,,,,,,,
2023-10-08,,0.1336484,-0.0018054859,,,,,,,
2023-10-09,,0.15484846,-0.0068246657,,,,,,,
2023-10-10,,0.12178133,-0.011910653,,,,,,,
2023-10-11,,0.0681622,-0.017014787,,,,,,,
2023-10-12,,0.07869607,-0.02108627,,,,,,,
2023-10-13,,0.07893204,-0.022858217,,,,,,,
2023-10-14,,0.07595547,-0.021879453,,,,,,,
2023-10-15,,0.090995654,-0.018870035,,,,,,,
2023-10-16,,0.069792144,-0.014842265,,,,,,,
2023-10-17,,0.06837181,-0.010196719,,,,,,,
2023-10-18,,0.0797557,-0.004388208,,,,,,,
2023-10-19,,0.06446363,0.0031556825,,,,,,,
2023-10-20,,0.069093876,0.011988184,,,,,,,
2023-10-21,,0.08202818,0.019984065,,,,,,,
2023-10-22,,0.11803047,0.023965646,,,,,,,
2023-10-23,,0.13036814,0.021217965,,,,,,,
2023-10-24,,0.11593632,0.011275008,,,,,,,
2023-10-25,,0.08299544,-0.003148534,,,,,,,
2023-10-26,,0.14429432,-0.016867148,,,,,,,
2023-10-27,,0.14036211,-0.024649406,,,,,,,
2023-10-28,,0.107504964,-0.023650572,,,,,,,
2023-10-29,,0.07245164,-0.014806248,,,,,,,
2023-10-30,,0.051822733,-0.001906936,,,,,,,
2023-10-31,,0.05110057,0.010363055,,,,,,,
2023-11-01,,0.054160964,0.018483203,,,,,,,
2023-11-02,,0.07540047,0.021031009,,,,,,,
2023-11-03,,0.12505747,0.018661087,,,,,,,
2023-11-04,,0.123885565,0.013227858,,,,,,,
2023-11-05,,0.088901974,0.0066192904,,,,,,,
2023-11-06,,0.09898412,-6.8458365e-05,,,,,,,
2023-11-07,,0.1391759,-0.006773253,,,,,,,
2023-11-08,,0.13295305,-0.013512689,,,,,,,
2023-11-09,,0.05368373,-0.019501558,,,,,,,
2023-11-10,,0.055740416,-0.023155969,,,,,,,
2023-11-11,,0.06141035,-0.023177415,,,,,,,
2023-11-12,,0.05217969,-0.019579362,,,,,,,
2023-11-13,,0.06354906,-0.013670775,,,,,,,
2023-11-14,,0.05381905,-0.006834838,,,,,,,
2023-11-15,,0.028009798,0.0005501412,,,,,,,
2023-11-16,,0.045231674,0.008853123,,,,,,,
2023-11-17,,0.064385325,0.017881101,,,,,,,
2023-11-18,,0.079436995,0.0258965,,,,,,,
2023-11-19,,0.023246787,0.029913824,,,,,,,
2023-11-20,,0.0538129,0.027282715,4.634063,,,,,,
2023-11-21,,0.053813476,0.017384572,3.7049441,,,,,,
2023-11-22,,0.114308484,0.0025656759,8.352465,,,,,,
2023-11-23,,0.15225597,-0.012392337,7.79862,,,,,,
2023-11-24,,0.12315451,-0.022132667,6.3529453,,,,,,
2023-11-25,,0.11118149,-0.023301683,6.6758785,,,,,,
2023-11-26,,0.049069546,-0.016180364,1.1172715,,,,,,
2023-11-27,,0.06122743,-0.0043642884,3.4933712,,,,,,
2023-11-28,,0.03302987,0.0073176203,2.6999564,,,,,,
2023-11-29,,0.1496441,0.015448217,9.595571,,,,,,
2023-11-30,,0.16662142,0.01899733,8.642964,,,,,,
2023-12-01,,0.15407602,0.018832097,7.2732034,,,,,,
2023-12-02,,0.15151526,0.016230676,6.4932885,,,,,,
2023-12-03,,0.1263724,0.012104756,5.143721,,,,,,
2023-12-04,,0.09990847,0.006757031,4.141448,,,,,,
2023-12-05,,0.11001193,0.00035658828,4.729185,,,,,,
2023-12-06,,0.06914455,-0.006797997,2.3468983,,,,,,
2023-12-07,,0.07295325,-0.0138780745,3.9177234,,,,,,
2023-12-08,,0.090100445,-0.01938196,5.231162,,,,,,
2023-12-09,,0.0703533,-0.021716144,1.6366266,,,,,,
2023-12-10,,0.0712357,-0.020035753,4.6849017,,,,,,
2023-12-11,,0.109566905,-0.0150009,4.9399066,,,,,,
2023-12-12,,0.033078488,-0.008183384,2.5560815,,,,,,
2023-12-13,,0.033263844,-0.0008105029,4.5364537,,,,,,
2023-12-14,,0.16431314,0.0070770537,9.813247,,,,,,
2023-12-15,,0.18182483,0.015836973,10.231599,,,,,,
2023-12-16,,0.114751585,0.024641983,3.9422455,,,,,,
2023-12-17,,0.053764082,0.030896716,3.316318,,,,,,
2023-12-18,,0.09275082,0.031275023,3.2461572,,,,,,
2023-12-19,,0.04234835,0.024059672,1.5857052,,,,,,
2023-12-20,,0.034779355,0.010631115,3.3350143,,,,,,
2023-12-21,,0.07698094,-0.0047417716,5.4616537,,,,,,
2023-12-22,,0.045079004,-0.01676295,2.4508538,,,,,,
2023-12-23,,0.088077985,-0.021518467,5.1269197,,,,,,
2023-12-24,,0.09278809,-0.018244563,4.0335865,,,,,,
2023-12-25,,0.037848786,-0.009535231,2.5615094,,,,,,
2023-12-26,,0.08882368,0.00022324568,6.645241,,,,,,
2023-12-27,,0.122512765,0.007364359,7.6176114,,,,,,
2023-12-28,,0.12340457,0.010726792,6.0796685,,,,,,
2023-12-29,,0.12138356,0.011466637,6.3606777,,,,,,
2023-12-30,,0.111943014,0.011226345,6.220992,,,,,,
2023-12-31,,0.09782937,0.010561282,6.483034,,,,,,
2024-01-01,,0.11538409,0.00865737,7.081353,,,,,,
2024-01-02,0.19127496,0.111156024,0.0045649903,7.0542645,0.12461659,69.33436,7.553834,0.9668939,1.0084454,1.1006278
2024-01-03,0.41982022,0.08808044,-0.0016251298,6.670477,0.22849092,219.01031,4.2947946,0.87443095,2.2789056,2.45406
2024-01-04,0.19957985,0.15070486,-0.008599359,9.553163,0.14033051,105.034645,6.7068834,0.9563965,1.1461346,1.2479445
2024-01-05,0.12617415,0.13635053,-0.014546436,8.0924225,0.11904879,41.14856,7.970022,0.9955275,0.9331394,1.0184212
2024-01-06,0.18969579,0.15542091,-0.017914092,9.34572,0.1114495,62.785275,8.565664,0.9718184,0.9338498,1.0188127
2024-01-07,0.15490855,0.17088798,-0.018058432,8.95517,0.13824312,83.966606,7.0711627,0.9986358,1.2338085,1.336728
2024-01-08,0.17970331,0.07729735,-0.015328897,3.8408556,0.121943526,60.28451,7.808195,0.049995758,1.1318402,1.23109
2024-01-09,0.1370218,0.0739144,-0.010864807,3.6806967,0.12446941,47.399994,7.5447707,0.73849016,0.9327493,1.0197124
2024-01-10,0.123468,0.031484548,-0.005790092,1.1958451,0.11110768,39.228024,8.567264,0.54365677,1.0030274,1.0941126
2024-01-11,0.1292263,0.09586484,-0.0003351434,3.9549603,0.14060687,62.824654,6.608314,0.9631488,1.0951974,1.196421
2024-01-12,0.18924458,0.106488645,0.006216513,5.732773,0.1261879,83.86459,7.5571065,0.64454645,1.0864823,1.1833416
2024-01-13,0.27010557,0.06574765,0.014311644,3.270197,0.1774202,78.235176,5.566061,0.98964226,1.2532059,1.3638833
2024-01-14,0.19322099,0.06873988,0.02265944,4.534305,0.11618257,56.141926,8.095761,0.83128124,1.0455171,1.1414067
2024-01-15,,0.05661213,0.028076997,1.5085695,,,,,,
2024-01-16,0.33944955,0.114149235,0.027185388,7.72485,0.14331391,107.672226,6.653795,0.6966688,1.241129,1.3508772
2024-01-17,0.26060855,0.15723196,0.018955266,9.562536,0.1549178,84.70503,6.726039,0.998798,1.2344966,1.3360565
2024-01-18,0.2841831,0.14077352,0.0057636984,8.848843,0.17049205,74.27924,5.5836678,0.97655207,1.5688771,1.6967621
2024-01-19,,0.14953895,-0.0076332437,8.732194,,,,,,
2024-01-20,0.22430028,0.1509792,-0.016645553,6.955115,0.13805114,62.390358,6.8228564,0.861549,1.0847114,1.1824458
2024-01-21,0.16135341,0.15858388,-0.019020699,8.976085,0.13568184,60.31231,7.1631346,0.98045266,0.88592684,0.96920455
2024-01-22,0.15296485,0.12155444,-0.015656617,5.6963034,0.126692,47.171814,7.466456,0.9957193,0.96406007,1.0516137
2024-01-23,,0.04061047,-0.009575096,1.3262209,,,,,,
2024-01-24,0.19336468,0.07957408,-0.004023097,4.58193,0.13285048,51.643505,7.1827884,0.9611989,0.9761723,1.0660747
2024-01-25,0.4678781,0.054431118,-0.0006953059,2.7213736,0.13577451,161.29846,7.001267,0.8602031,1.083143,1.1830671
2024-01-26,,0.06742407,0.00087291276,5.139398,,,,,,
2024-01-27,,0.02175053,0.0021425537,1.6346806,,,,,,
2024-01-28,0.3312709,0.10797615,0.0038501637,7.51964,0.13682006,75.62483,6.915573,0.99670565,0.92953706,1.0174237
2024-01-29,0.18329303,0.061361797,0.0051143067,6.848796,0.11859073,54.95364,8.179057,0.9995279,1.0209543,1.1103745
2024-01-30,0.32657826,0.07295857,0.0041561644,2.5357797,0.15106435,164.63295,6.3013015,0.9934677,1.3831904,1.503103
2024-01-31,0.25555202,0.044831857,0.00020015129,3.6754134,0.1219178,88.74392,7.7227154,0.74818367,0.9724952,1.0625398
2024-02-01,0.2573251,0.06578251,-0.0056968895,3.3412035,0.12928724,65.214264,7.23839,0.85397565,0.952251,1.041364
2024-02-02,0.4420609,0.15021425,-0.01112462,10.678121,0.15235847,117.1773,6.429868,0.95693535,1.3592907,1.4717376
2024-02-03,0.20356071,0.16781898,-0.0140897725,10.3646965,0.15198892,101.79531,6.793199,0.99304533,2.2585323,2.4196105
2024-02-04,0.23770988,0.122821964,-0.014116166,9.707569,0.11921294,69.96616,8.4058895,0.9997448,1.2169315,1.3175657
2024-02-05,,0.088207275,-0.012263667,7.4046206,,,,,,
2024-02-06,0.24357626,0.10460112,-0.010077399,8.586447,0.1141663,61.048203,8.360965,0.9743384,1.1610898,1.263448
2024-02-07,0.12258305,0.10381633,-0.008500658,8.725931,0.10612254,54.176636,8.705759,0.995206,0.9472929,1.0369158
2024-02-08,0.2684952,0.11580296,-0.0072802296,8.062866,0.11670484,92.808334,8.29141,0.7804861,1.3712449,1.4863988
2024-02-09,0.1807358,0.12035306,-0.0050395243,6.0547504,0.11484211,65.40002,8.279611,0.9554598,1.3319476,1.4465532
2024-02-10,0.18770662,0.030977456,-0.00022736972,1.253201,0.099346034,47.990936,9.720558,0.6610456,1.1450449,1.2462494
2024-02-11,,0.09449767,0.0075194216,4.2930527,,,,,,
2024-02-12,0.19543058,0.050058804,0.016328005,4.2238226,0.1171199,133.58856,8.862282,0.9635176,1.7188616,1.8512955
2024-02-13,0.1497576,0.053490363,0.022575585,2.3911011,0.115469374,53.425423,8.23476,0.9362497,1.1857524,1.2901676
2024-02-14,0.09738589,0.07951123,0.022862066,3.6151285,0.095353454,32.01669,9.907834,0.9885176,0.8899272,0.97382337
2024-02-15,,0.1338326,0.016294736,6.5423512,,,,,,
2024-02-16,0.49839774,0.16376051,0.0051805647,7.6170435,0.16801478,98.072914,5.728387,0.90279484,1.2472612,1.3574494
2024-02-17,0.2988832,0.062051754,-0.0062456564,2.0899878,0.1419446,82.93561,6.7228193,0.91509557,1.3360476,1.4505868
2024-02-18,0.18798622,0.18533698,-0.014296522,11.836656,0.16922307,59.653454,6.397262,0.9993334,2.6258397,2.804258
2024-02-19,,0.1331316,-0.017566305,8.960734,,,,,,
2024-02-20,0.5236659,0.08050836,-0.01709012,7.392863,0.19046362,129.34735,5.1335387,0.9255191,1.8049079,1.9505132
2024-02-21,0.25506896,0.1071275,-0.014911274,8.800598,0.1229755,66.96312,8.078359,0.99984974,1.3203244,1.428377
2024-02-22,0.15428661,0.09686701,-0.012609809,8.439808,0.12720722,50.703293,7.7657957,0.95827866,1.6396811,1.7690308
2024-02-23,,0.102831505,-0.010497772,6.265277,,,,,,
2024-02-24,0.3992177,0.07614833,-0.00795739,3.0228126,0.16014577,75.83129,6.1219068,0.6453811,1.223592,1.3316371
2024-02-25,,0.055253975,-0.0046040304,4.686013,,,,,,
2024-02-26,0.37783995,0.15395446,-0.0011220021,9.091414,0.11631473,132.66505,8.13681,0.86636215,1.6926273,1.8311856
2024-02-27,0.23434527,0.08664089,0.0007953816,5.6159387,0.1186581,72.36392,8.115001,0.9997712,1.1458133,1.2450479
2024-02-28,,0.07114641,-0.00016495999,6.4202952,,,,,,
2024-02-29,0.311811,0.17067203,-0.0037239692,10.830779,0.12278087,71.08562,7.9995265,0.965234,1.3781745,1.4914867
2024-03-01,0.22547384,0.14697032,-0.007821848,8.556575,0.14109114,80.10471,6.9056835,0.8154236,2.0351024,2.1893203
2024-03-02,0.49956015,0.043071587,-0.00999162,1.4383221,0.11152114,115.43565,8.372379,0.89285576,1.2711637,1.3826826
2024-03-03,0.1940967,0.045595158,-0.009268271,4.285355,0.10143572,47.659348,9.279846,0.5959125,0.9687414,1.0588667
2024-03-04,0.4480687,0.09656313,-0.0068318136,5.4598346,0.12946089,107.960396,7.2278895,0.76836175,1.6060086,1.739417
2024-03-05,0.2718121,0.058493163,-0.005091212,5.550121,0.1371263,106.61128,6.7989435,0.98311913,0.91065335,0.99826354
2024-03-06,0.29408687,0.1108891,-0.005797515,6.96088,0.1136493,66.29977,8.57498,0.9652068,1.082519,1.1764706
2024-03-07,0.45096043,0.04187707,-0.008742324,0.920795,0.1469852,94.67879,6.542384,0.948574,1.5342149,1.6633302
2024-03-08,0.5572083,0.0649389,-0.0117583405,2.798812,0.115048334,99.61852,8.366606,0.5708784,1.3540041,1.4706506
2024-03-09,,0.06766609,-0.011997256,4.527446,,,,,,
2024-03-10,0.18573096,0.058107145,-0.007533442,1.4097632,0.0965766,39.249958,10.026698,0.6026016,0.8946557,0.97744197
2024-03-11,0.5111662,0.079918824,0.0012861372,2.9733238,0.15957712,204.05273,6.066195,0.9163441,1.3514074,1.4687059
2024-03-12,0.2326553,0.124745265,0.011735795,9.584519,0.112701766,50.359394,8.562613,0.9929991,1.2469354,1.3549479
2024-03-13,,0.11224154,0.019759446,5.176584,,,,,,
2024-03-14,0.49299574,0.029047387,0.022007298,1.7044843,0.16802071,81.93943,6.0374036,0.6354528,1.2152576,1.3239954
2024-03-15,0.50233966,0.042366218,0.017521765,1.6778527,0.14961655,210.87189,8.308569,0.9976287,2.0184278,2.171093
2024-03-16,0.54423994,0.072987065,0.0082073035,3.260604,0.16833732,172.36044,5.7890744,0.94293994,1.3991127,1.5210547
2024-03-17,,0.07584622,-0.002430959,4.6076922,,,,,,
2024-03-18,0.70581174,0.051665314,-0.011268685,1.6614708,0.10742807,135.6297,8.651691,0.971657,1.1835729,1.2908593
2024-03-19,,0.062475797,-0.01691801,3.4980965,,,,,,
2024-03-20,,0.077067606,-0.019723428,6.9134483,,,,,,
2024-03-21,,0.16559985,-0.02062246,8.501068,,,,,,
2024-03-22,0.45710167,0.06698914,-0.020018982,3.6851687,0.12378847,148.9624,7.516669,0.99139297,1.1612194,1.2652936
2024-03-23,0.46380422,0.058989562,-0.017759306,3.4627712,0.10789483,157.69278,8.856732,0.93471134,1.056247,1.15258
2024-03-24,,0.12682882,-0.013661702,6.882333,,,,,,
2024-03-25,,0.05155264,-0.00845172,1.5087522,,,,,,
2024-03-26,0.3150211,0.16477183,-0.0037168213,9.514677,0.12365637,72.444115,8.202048,0.9922598,1.7479347,1.8841522
2024-03-27,0.31656197,0.105805956,-0.0010678404,7.516895,0.108487405,60.535973,9.600278,0.99974334,1.3372767,1.4462239
2024-03-28,0.34481645,0.07106438,-0.0010046058,6.419263,0.14372809,76.504944,6.6630626,0.8401379,1.3212788,1.43611
2024-03-29,0.5280001,0.11250277,-0.0023908187,7.4457645,0.08840392,96.393524,12.751591,0.99998015,0.5722854,0.6250201
2024-03-30,,0.0723338,-0.0031980225,2.1587896,,,,,,
2024-03-31,0.40510455,0.08443732,-0.0020927913,3.7539454,0.1006517,89.1427,9.572681,0.8713489,1.0620097,1.1573753
2024-04-01,0.41814664,0.095637254,0.00043961813,3.9214232,0.14334132,107.14629,6.5921755,0.7961303,1.0290298,1.1255534
2024-04-02,0.70275337,0.07061362,0.0021161605,2.951872,0.09410679,129.25728,10.194403,0.81237257,0.8493954,0.9291217
2024-04-03,0.2574061,0.02729346,0.0006128261,1.0032821,0.0919337,52.361805,10.411122,0.33538586,0.87580955,0.95766544
2024-04-04,0.1959914,0.079225294,-0.004732149,3.0908487,0.071821235,36.355007,13.855909,0.2812323,0.73452723,0.80421907
2024-04-05,,0.078202814,-0.011916702,3.2194257,,,,,,
2024-04-06,0.17355967,0.049365334,-0.017192943,1.2282336,0.074261926,35.21588,13.436481,0.44790486,0.6575671,0.7203716
2024-04-07,0.51237816,0.036825355,-0.017144555,1.8173046,0.118079,107.98581,7.894924,0.82527477,0.8511852,0.93428755
2024-04-08,,0.04203402,-0.010597298,0.8920254,,,,,,
2024-04-09,,0.023828441,0.0006994299,1.2028021,,,,,,
2024-04-10,0.6439016,0.076627865,0.012854223,2.9782958,0.09056842,98.18437,10.252371,0.89055413,0.5208988,0.57734746
2024-04-11,0.6425097,0.09241947,0.021692224,6.299314,0.10045058,125.92597,9.573003,0.957678,0.43922713,0.48796058
2024-04-12,0.51320934,0.10085008,0.024396468,5.8879895,0.1004434,83.39768,9.468047,0.91749114,0.86975837,0.95249426
2024-04-13,,0.07445385,0.020551527,3.9895396,,,,,,
2024-04-14,0.27100438,0.05043981,0.011943095,2.1207988,0.082880035,44.518147,11.747085,0.62384045,0.7382819,0.8093182
2024-04-15,0.6127777,0.080780365,0.0014799652,4.453241,0.07278105,138.70763,12.870652,0.8752444,0.6817238,0.7507908
2024-04-16,0.8668143,0.10174584,-0.00822215,4.4300756,0.09780142,204.3283,24.858355,0.99231255,0.1852197,0.20386997
2024-04-17,,0.09025402,-0.015753394,3.7269483,,,,,,
2024-04-18,0.3609621,0.04318035,-0.020932034,0.5530372,0.09448022,55.928394,10.325732,0.19376667,0.92120177,1.0046899
2024-04-19,0.18880564,0.035052978,-0.023900762,0.77593386,0.076128654,43.11527,13.115927,0.84629256,0.7639698,0.8353401
2024-04-20,0.35366103,0.027436772,-0.02440279,1.3022527,0.09006894,64.2545,10.712262,0.17574133,0.8548196,0.9350543
2024-04-21,,0.06460667,-0.021943513,3.6016574,,,,,,
2024-04-22,,0.14156723,-0.016563898,5.069363,,,,,,
2024-04-23,,0.08428374,-0.0095223095,5.6131644,,,,,,
2024-04-24,0.42419767,0.10789349,-0.0028436333,3.2805185,0.11217181,79.96613,8.3916,0.7075078,0.80888045,0.8879162
2024-04-25,,0.0513783,0.0019162841,2.1380692,,,,,,
2024-04-26,0.3434856,0.07235144,0.0044660135,1.8460689,0.086933516,57.249126,11.3169155,0.12818271,0.7773007,0.8514479
2024-04-27,0.4479771,0.063014716,0.005934982,0.9910927,0.08762267,101.6576,11.596967,0.36069205,1.0598851,1.1540924
2024-04-28,0.44861528,0.04996239,0.0075518633,2.1855655,0.1290465,85.59099,7.406063,0.05697659,1.0175362,1.1126425
2024-04-29,0.5263819,0.06560857,0.009411511,2.7256937,0.08115723,90.14891,11.653443,0.81756634,0.59173805,0.6536683
2024-04-30,,0.089559555,0.010109017,3.7768335,,,,,,
2024-05-01,,0.15039761,0.0076610115,6.2432547,,,,,,
2024-05-02,,0.056696646,0.0011426222,4.2199993,,,,,,
2024-05-03,0.42274213,0.10440845,-0.008129498,5.0407534,0.103049,71.41571,9.460163,0.9528413,0.91764605,1.002643
2024-05-04,0.44626656,0.0901908,-0.016703289,2.8147697,0.13909279,80.09719,6.816109,0.74631983,1.1790253,1.2843148
2024-05-05,0.36589235,0.049732767,-0.020431383,2.1393013,0.10144136,61.737133,9.588278,0.7980967,0.94826025,1.0352958
2024-05-06,,0.08444318,-0.01686275,3.3834076,,,,,,
2024-05-07,,0.077077985,-0.0066613555,2.2750177,,,,,,
2024-05-08,,0.112717316,0.0066272635,5.782871,,,,,,
2024-05-09,0.4299025,0.199836,0.01841722,9.518931,0.14302592,75.464226,7.3337646,0.90735435,1.7131989,1.8424355
2024-05-10,,0.15893283,0.025205595,8.902893,,,,,,
2024-05-11,0.26022714,0.111165844,0.025771683,5.5522056,0.087038316,48.031647,11.260067,0.98923916,0.8755005,0.95686066
2024-05-12,0.47485274,0.050111488,0.020913063,1.3684312,0.10466169,134.76566,10.224344,0.9079332,1.1539377,1.2509406
2024-05-13,0.4944174,0.09137498,0.012593037,4.366283,0.107421316,78.876976,8.718096,0.57814234,0.87643677,0.96001
2024-05-14,,0.13369323,0.0028749756,5.863905,,,,,,
2024-05-15,,0.13220143,-0.006618191,5.0137157,,,,,,
2024-05-16,,0.12484196,-0.0149313435,5.1570153,,,,,,
2024-05-17,0.5521242,0.11216199,-0.021463204,3.2995,0.12343376,127.26583,7.682651,0.8507157,1.3288116,1.4447099
2024-05-18,,0.11396881,-0.025610298,5.875354,,,,,,
2024-05-19,0.39213023,0.17738636,-0.026443345,7.429296,0.10026399,64.52601,9.607701,0.85670435,0.7767242,0.85115016
2024-05-20,0.48391876,0.14157334,-0.023180436,5.8266354,0.096251845,75.85603,10.657421,0.9909042,0.86591935,0.943456
2024-05-21,0.40239388,0.08574348,-0.015965091,1.4629765,0.12251157,76.78598,7.6618934,0.6712483,0.8813298,0.9656973
2024-05-22,,0.051672406,-0.0065392843,1.1693938,,,,,,
2024-05-23,,0.089864984,0.0025211368,4.073949,,,,,,
2024-05-24,0.3127257,0.112471245,0.009248201,6.415038,0.0766726,54.518078,12.970569,0.97907114,0.6833686,0.7493265
2024-05-25,0.25972563,0.0924805,0.013238856,6.1180058,0.08659113,60.431274,10.704188,0.68191653,0.62289613,0.68795586
2024-05-26,,0.089202106,0.015382235,5.19206,,,,,,
2024-05-27,0.42319787,0.1293746,0.016419282,7.734556,0.11096155,72.78227,8.503881,0.7285358,0.86180234,0.94451034
2024-05-28,0.32593295,0.19084467,0.01593155,9.69049,0.075853825,54.790073,13.707278,0.9847669,0.74359626,0.8118709
2024-05-29,,0.1442757,0.012609809,6.8819575,,,,,,
2024-05-30,0.33036876,0.0957339,0.005650151,3.2735977,0.06988951,60.01256,14.404265,0.93671656,0.5622219,0.61813366
2024-05-31,0.24558856,0.060454406,-0.00407121,0.7972015,0.08360942,101.27659,11.914854,0.6400832,0.98135173,1.0704694
2024-06-01,0.37389618,0.11235642,-0.0136963455,3.1299448,0.08186599,61.046192,11.893452,0.6230056,0.7926851,0.86821634
2024-06-02,,0.17381732,-0.019446295,8.820013,,,,,,
2024-06-03,0.34667072,0.15896557,-0.018463686,7.0843015,0.07384702,57.60923,14.022004,0.9993588,0.6111411,0.66844517
2024-06-04,0.2522465,0.08917543,-0.010400996,2.1690662,0.08723245,56.130436,10.867108,0.5720958,0.7457323,0.8191115
2024-06-05,0.2507795,0.11108012,0.0019671465,2.2283635,0.073942535,45.689865,13.381618,0.5449931,0.75478166,0.82676697
2024-06-06,,0.06613838,0.014100497,1.1824892,,,,,,
2024-06-07,0.4411656,0.05399927,0.021956712,1.0322571,0.09153742,65.77986,10.625098,0.3360552,0.7965102,0.8719126
2024-06-08,0.46533895,0.041060604,0.023907635,2.8274264,0.08934404,116.981926,10.94748,0.37618157,0.87862086,0.9600254
2024-06-09,0.61021817,0.07282603,0.020831134,3.643759,0.093926534,87.91224,10.095888,0.19788685,0.6839838,0.7513362
2024-06-10,,0.07784511,0.014819171,2.4081523,,,,,,
2024-06-11,,0.056537382,0.007482855,0.8809513,,,,,,
2024-06-12,,0.08322531,-0.00048608202,2.9992316,,,,,,
2024-06-13,0.47418046,0.087119386,-0.00880006,4.6782513,0.120694555,81.26118,7.6782713,0.67888504,0.85075104,0.9336964
2024-06-14,,0.05995298,-0.016799515,2.3765686,,,,,,
2024-06-15,0.40685782,0.06389962,-0.02327969,3.0657222,0.09334071,64.634995,10.177777,0.5732575,0.6810808,0.7498323
2024-06-16,0.33909017,0.05402962,-0.026721852,1.633537,0.08095181,59.265087,12.179572,0.34018368,0.6913405,0.75947785
2024-06-17,0.435424,0.07975156,-0.025803298,3.0406334,0.11807871,79.74928,8.019202,0.4182902,0.9234292,1.0105277
2024-06-18,,0.081478335,-0.020058023,2.926032,,,,,,
2024-06-19,0.51057917,0.081636354,-0.010509594,3.7000597,0.11091821,77.55846,8.952438,0.3724096,0.9756447,1.0641458
2024-06-20,0.46688154,0.06572559,0.000345316,1.3860755,0.10003204,73.0192,9.782558,0.60615253,0.9173325,1.0024408
2024-06-21,0.4289566,0.049103297,0.009484918,0.5702245,0.12072582,83.60444,7.7052293,0.37932935,0.8625233,0.94671226
2024-06-22,0.40127707,0.040590655,0.0149393175,1.2575717,0.09810218,93.15602,10.366854,0.4581697,0.8412781,0.9184076
2024-06-23,0.45927984,0.03404734,0.01677477,1.6668417,0.11588457,75.46132,8.239231,0.32450473,0.98719794,1.0787439
2024-06-24,0.44895878,0.06300771,0.016313707,1.0721982,0.092474006,66.86787,10.557923,0.22303663,0.8378259,0.91743517
2024-06-25,,0.16038927,0.01460005,5.624639,,,,,,
2024-06-26,0.49652705,0.13950953,0.011475159,5.09011,0.11481954,79.37835,8.726221,0.96699655,0.9174884,1.0015725
2024-06-27,0.41374952,0.11812076,0.0060735485,2.8365679,0.13617477,75.72862,6.9089065,0.4855695,0.9941856,1.0866511
2024-06-28,,0.108042486,-0.0016064346,2.230256,,,,,,
2024-06-29,,0.08817593,-0.009818138,1.4029391,,,,,,
2024-06-30,0.58371043,0.123143554,-0.015613728,2.9265401,0.16771881,80.10108,6.2354035,0.19229503,1.8082657,1.9486248
2024-07-01,0.4727447,0.16078201,-0.016296938,4.9664774,0.15111993,85.48078,6.2685947,0.35493517,1.0313417,1.127234
2024-07-02,,0.19738995,-0.011065509,7.2028317,,,,,,
2024-07-03,,0.20232745,-0.0016243049,9.299116,,,,,,
2024-07-04,0.3372485,0.16602008,0.00845282,7.4281836,0.11120211,58.65648,8.876432,0.96560436,1.0082098,1.098441
2024-07-05,,0.152531,0.015287931,6.331942,,,,,,
2024-07-06,,0.09272955,0.016855326,1.3305173,,,,,,
2024-07-07,,0.120139055,0.013719164,2.4967902,,,,,,
2024-07-08,,0.13076323,0.008257617,2.4805357,,,,,,
2024-07-09,,0.08021884,0.0026330345,1.5140185,,,,,,
2024-07-10,,0.07803546,-0.0026135142,1.0723966,,,,,,
2024-07-11,,0.12682037,-0.008210878,1.8436192,,,,,,
2024-07-12,0.50528854,0.14048845,-0.014642664,3.2889051,0.12781611,77.356064,7.216226,0.69712186,0.88072157,0.9662679
2024-07-13,,0.15524219,-0.021005718,4.4636073,,,,,,
2024-07-14,0.46222514,0.17195147,-0.025176177,5.56838,0.13913158,86.22604,6.7300634,0.6051367,1.1521379,1.2559386
2024-07-15,,0.16865756,-0.02520202,5.847982,,,,,,
2024-07-16,,0.14045393,-0.020340377,3.640535,,,,,,
2024-07-17,,0.1690184,-0.011606302,5.2876534,,,,,,
2024-07-18,,0.17856893,-0.0014104068,4.6709056,,,,,,
2024-07-19,,0.16084321,0.0072263423,4.0881524,,,,,,
2024-07-20,0.30100897,0.15331098,0.0118727125,3.4397306,0.10365819,58.890575,9.145572,0.7346098,0.88895464,0.9730382
2024-07-21,0.42098913,0.17467682,0.011910378,4.9064865,0.07977791,66.507515,11.746612,0.90972364,0.6429055,0.709296
2024-07-22,,0.16677853,0.008797585,4.9653726,,,,,,
2024-07-23,0.60140944,0.14172445,0.0049804137,4.4101925,0.12976332,88.82934,7.308737,0.94465995,1.3070008,1.4220225
2024-07-24,0.28693235,0.14467485,0.0020793192,3.8503528,0.11229171,61.684734,8.376842,0.73589367,1.0068698,1.0998834
2024-07-25,0.4181214,0.144303,2.3094384e-05,4.2786064,0.10814119,68.291985,8.81141,0.4985519,1.0070935,1.0992628
2024-07-26,,0.1289111,-0.0023044895,3.1429207,,,,,,
2024-07-27,,0.15438895,-0.005395288,5.432815,,,,,,
2024-07-28,0.5714395,0.19354613,-0.008309855,8.314009,0.12917362,130.43317,7.180331,0.73904526,0.7521542,0.8277055
2024-07-29,,0.16471785,-0.009247651,5.549958,,,,,,
2024-07-30,,0.07999303,-0.0070784288,2.3288527,,,,,,
2024-07-31,,0.08900185,-0.0023119126,2.6870174,,,,,,
2024-08-01,,0.14157683,0.0030239895,4.4078045,,,,,,
2024-08-02,,0.177485,0.006450756,7.3891244,,,,,,
2024-08-03,,0.18043718,0.006321813,7.681283,,,,,,
2024-08-04,,0.17602675,0.0027919458,7.646139,,,,,,
2024-08-05,,0.14237706,-0.0024001664,4.854451,,,,,,
2024-08-06,,0.10527187,-0.007097399,1.5492346,,,,,,
2024-08-07,,0.08426028,-0.010308619,1.3374203,,,,,,
2024-08-08,,0.056039464,-0.012767346,1.8750983,,,,,,
2024-08-09,,0.066723205,-0.015802331,4.0583653,,,,,,
2024-08-10,,0.070518635,-0.019697586,4.1283135,,,,,,
2024-08-11,,0.054156225,-0.022838145,2.170673,,,,,,
2024-08-12,,0.0649321,-0.022725148,0.99275696,,,,,,
2024-08-13,,0.059654772,-0.017964404,0.9991862,,,,,,
2024-08-14,,0.06664145,-0.009458249,1.6854596,,,,,,
2024-08-15,,0.12908237,-2.969278e-05,2.2819855,,,,,,
2024-08-16,0.3766805,0.14402834,0.0069250157,3.7152846,0.12219746,69.381905,7.769092,0.5867937,0.96863186,1.05878
2024-08-17,,0.07167571,0.009062896,3.5654814,,,,,,
2024-08-18,,0.10036824,0.005961925,5.137617,,,,,,
2024-08-19,,0.083591685,-0.0006265726,4.0729084,,,,,,
2024-08-20,,0.075016275,-0.007459211,3.6805089,,,,,,
2024-08-21,,0.10070627,-0.011345941,6.0627103,,,,,,
2024-08-22,,0.10073234,-0.010868382,3.3587422,,,,,,
2024-08-23,0.542517,0.08228467,-0.0070028226,1.8885062,0.1051758,78.670944,8.924781,0.44277915,0.6936458,0.76290554
2024-08-24,,0.08092055,-0.002163174,2.8117054,,,,,,
2024-08-25,,0.09217985,0.0014964609,1.5982193,,,,,,
2024-08-26,,0.11723861,0.00326978,2.9335365,,,,,,
2024-08-27,,0.093699224,0.0036835542,1.1522926,,,,,,
2024-08-28,,0.07644859,0.003359133,0.5553495,,,,,,
2024-08-29,,0.15664142,0.0023042145,4.806678,,,,,,
2024-08-30,,0.21451288,2.5568681e-05,7.377693,,,,,,
2024-08-31,,0.1870628,-0.0037558614,5.150629,,,,,,
2024-09-01,,0.13702604,-0.008580938,2.9896846,,,,,,
2024-09-02,,0.15040238,-0.013277071,2.687234,,,,,,
2024-09-03,0.51181483,0.11195197,-0.016544377,0.7564372,0.11742068,127.76325,8.317894,0.9800214,0.7599089,0.834257
2024-09-04,0.6970093,0.09219819,-0.017751332,1.7089028,0.13915662,94.06903,6.99351,0.23276517,1.4408438,1.5588037
2024-09-05,0.61958414,0.14078327,-0.017473653,1.4395885,0.12422016,84.92857,8.25688,-0.063547626,1.3309786,1.4388765
2024-09-06,0.41280675,0.16299538,-0.017078847,2.6515355,0.14053176,82.50802,6.7569036,0.61699116,1.1028676,1.2027972
2024-09-07,0.14534026,0.09874724,-0.017561078,0.9525726,0.0880569,46.516228,11.125365,0.7215217,0.7352826,0.8073313
2024-09-08,0.48378128,0.10154944,-0.01838643,1.1480535,0.1141607,81.492096,8.287064,0.55687195,0.84666234,0.9278633
2024-09-09,0.42226022,0.13448548,-0.017542383,2.6216667,0.099857494,67.30623,9.724877,0.38156438,0.8565946,0.9379661
2024-09-10,0.4467339,0.12071537,-0.013140978,3.361264,0.17632774,90.07098,5.5555043,0.41176334,1.2397245,1.3509136
2024-09-11,0.5762996,0.07465131,-0.005210258,0.9726609,0.145861,90.35688,6.9181685,0.31816736,1.3983985,1.5139359
2024-09-12,0.46905077,0.07479638,0.0037487133,0.8769227,0.1628757,81.41845,5.9147053,0.5520019,1.1064105,1.2076831
2024-09-13,0.34680077,0.1359694,0.00988467,3.854986,0.10742643,58.30669,8.907723,0.70696706,0.80442196,0.8823205
2024-09-14,,0.12708144,0.010258855,3.0527275,,,,,,
2024-09-15,0.39941388,0.09123947,0.004422575,2.0870638,0.13379925,70.43901,7.211984,0.9442469,0.8232428,0.90218526
2024-09-16,0.3813333,0.07508811,-0.005414533,1.7696118,0.14754987,85.35793,6.747838,0.98052084,0.9650534,1.0526838
2024-09-17,0.22106004,0.0797346,-0.015314051,1.9464993,0.11612449,44.783016,8.265777,0.8416258,0.9685266,1.0579164
2024-09-18,,0.103695765,-0.021147307,4.3872113,,,,,,
2024-09-19,0.26822218,0.12863685,-0.02037282,6.5695963,0.12015002,50.0624,8.097948,0.9901857,0.82989484,0.9080706
2024-09-20,0.37690067,0.12468246,-0.013036779,5.748826,0.14481035,80.548706,6.7258854,0.92932594,1.0552424,1.1496681
2024-09-21,0.32692438,0.10896729,-0.0017972379,3.8236046,0.124216005,61.146156,7.6625805,0.5869371,1.0104977,1.1038088
2024-09-22,,0.06835655,0.00927377,1.5254474,,,,,,
2024-09-23,0.27268046,0.0773051,0.016660124,3.6406336,0.12614824,49.815853,7.6405215,0.659136,0.91293377,0.99915224
2024-09-24,0.43826154,0.08068147,0.018698202,5.129314,0.12761928,84.58801,7.626361,0.9881131,0.8310151,0.9108861
2024-09-25,0.25753334,0.11541337,0.015737448,6.1115546,0.1299564,56.902397,7.2704353,0.7615439,1.0015075,1.0947212
2024-09-26,,0.15445265,0.009290265,7.85151,,,,,,
2024-09-27,0.22159833,0.12723626,0.0010101042,5.013664,0.12611237,43.595844,7.6920357,0.8954224,0.96505123,1.0545657
2024-09-28,0.2616974,0.098752126,-0.0076494645,3.1680675,0.11852583,57.468704,8.153734,0.7775231,0.9992814,1.091209
2024-09-29,0.20510335,0.049547177,-0.015357492,1.8876643,0.12347752,51.791527,7.7118773,0.934466,0.99285734,1.0845028
2024-09-30,0.4427983,0.055162173,-0.020896293,3.694241,0.1413374,101.30401,7.100631,0.9668997,0.98393655,1.0731347
2024-10-01,0.3864811,0.07010097,-0.023405883,3.5598912,0.15061942,71.73458,6.5002832,0.9250748,1.0379834,1.1323704
2024-10-02,0.39920893,0.07823241,-0.022789484,2.6766286,0.13665274,71.10353,7.072723,0.7049464,1.0263191,1.1197724
2024-10-03,,0.04975658,-0.019977193,3.5925314,,,,,,
2024-10-04,0.4171046,0.14661452,-0.016497364,9.269491,0.12183576,84.915985,9.640773,0.9965949,0.7489651,0.8157269
2024-10-05,0.16937082,0.15262201,-0.013670776,8.42975,0.1267306,40.04674,8.822942,0.9999143,1.1602411,1.2539696
2024-10-06,,0.095734134,-0.011736346,4.9016986,,,,,,
2024-10-07,,0.03909142,-0.00958087,1.9833369,,,,,,
2024-10-08,0.25801405,0.051064502,-0.005580318,2.8122687,0.1045389,57.589516,9.1994295,0.79151607,0.728938,0.8004196
2024-10-09,0.29135895,0.052766696,0.0009641905,2.6333315,0.1400989,64.65315,6.7573934,0.95765644,0.9638736,1.0540235
2024-10-10,0.28083485,0.045807157,0.008632351,2.5606525,0.11196321,55.37785,8.517327,0.68418115,0.87862974,0.9623285
2024-10-11,,0.049742106,0.014223392,1.9406035,,,,,,
2024-10-12,0.2262723,0.052605003,0.014421066,2.1790493,0.1053394,43.676567,9.150034,0.18334793,0.7842479,0.8603973
2024-10-13,0.29880574,0.03897673,0.007974161,2.9653158,0.1370708,76.73834,7.0254765,0.56676066,1.1536767,1.2574158
2024-10-14,0.3735579,0.053019498,-0.003347036,2.7421727,0.13724394,69.62999,6.854935,0.51355493,1.1212174,1.2222617
2024-10-15,,0.043546986,-0.015314875,2.3354082,,,,,,
2024-10-16,0.42178398,0.058478657,-0.023198308,2.9029255,0.13388018,70.1241,7.139476,0.05277488,1.0573548,1.1521591
2024-10-17,0.51963556,0.046334524,-0.02374185,1.6382219,0.16185528,104.836174,6.2287064,0.061976403,1.2303107,1.339573
2024-10-18,0.26104903,0.044444483,-0.016362095,1.1175578,0.11626301,57.30843,8.137158,0.70153373,0.93943995,1.0270624
2024-10-19,,0.043205906,-0.0032472352,1.7177287,,,,,,
2024-10-20,0.26948962,0.072495505,0.011528221,4.827051,0.12131174,50.639355,7.8029337,0.33293355,0.8868506,0.97080785
2024-10-21,0.3635878,0.14396502,0.02353428,8.4511,0.13475695,78.928696,7.0465674,0.9541819,0.97088623,1.060727
2024-10-22,0.3286232,0.122778274,0.029445613,6.388616,0.17489184,73.61311,5.5573354,0.9515602,1.2063383,1.3132404
2024-10-23,,0.04907184,0.028142704,2.5080767,,,,,,
2024-10-24,0.61941105,0.09055126,0.020637032,5.441489,0.16077046,125.61321,5.864802,0.2491851,1.1110905,1.2126139
2024-10-25,0.45544758,0.17506334,0.009367523,9.355928,0.14157632,93.36564,6.659937,0.7761449,1.3392087,1.453914
2024-10-26,0.23194717,0.18262912,-0.0028983452,9.699515,0.1526624,63.3656,6.2110167,0.97854537,1.2788042,1.3886808
2024-10-27,0.30623075,0.1909397,-0.013836835,10.210778,0.14355248,81.72852,6.647665,0.999354,1.1943331,1.2976056
2024-10-28,0.20009777,0.18176152,-0.02181402,10.209678,0.13065578,48.563057,7.489148,0.9965466,1.1268432,1.2230302
2024-10-29,0.32571903,0.15231591,-0.025815124,9.4112,0.1332454,70.04292,7.3136272,0.97573614,1.296985,1.4048717
2024-10-30,0.31184042,0.11480932,-0.025629265,7.8546643,0.17987442,84.57468,5.4848256,0.9356676,1.3859708,1.5038053
2024-10-31,0.3211498,0.092694074,-0.021961933,6.6033053,0.13450938,77.5222,7.017973,0.9850841,0.92569315,1.0115486
2024-11-01,0.18624856,0.110789634,-0.016408559,6.6691403,0.11756833,47.725933,7.9927163,0.95126855,0.7707226,0.84570134
2024-11-02,0.12839341,0.12548235,-0.01078975,6.811502,0.09856064,32.009495,9.676152,0.98892486,0.7216977,0.7914566
2024-11-03,0.13732415,0.12012911,-0.006177198,5.2722745,0.14543693,50.25522,6.424016,0.94889045,0.90088964,0.98786503
2024-11-04,0.18745618,0.08605588,-0.002330608,2.8869493,0.101515196,45.12597,9.492378,0.0509642,0.7017322,0.7697294
2024-11-05,0.18153419,0.06485893,0.0018940143,2.3294477,0.12317597,57.99538,7.6368537,0.8898728,0.9362928,1.0243398
2024-11-06,0.32978246,0.10021259,0.0073882784,4.9703846,0.10641916,65.62014,8.887621,0.122030534,0.9342761,1.0215234
2024-11-07,,0.14558856,0.013599019,6.143784,,,,,,
2024-11-08,0.30876005,0.18118583,0.018323744,7.192415,0.117371336,66.38716,8.018769,0.325254,1.0565665,1.1518378
2024-11-09,0.22595008,0.16988373,0.018771335,6.4562464,0.14282252,68.89427,6.621996,0.8171777,1.4031812,1.5225123
2024-11-10,0.28261766,0.117471516,0.01326305,2.4686668,0.12469715,66.74795,7.511166,0.5830627,1.2495747,1.3595484
2024-11-11,,0.08867517,0.0026217622,0.8699578,,,,,,
2024-11-12,0.32615155,0.10398001,-0.009674072,3.2655175,0.12588142,68.10422,7.4878087,0.1340138,1.0447927,1.1401659
2024-11-13,0.14862731,0.13663922,-0.018970663,7.100537,0.12358427,52.119347,7.6371393,0.9874592,0.9283531,1.0153637
2024-11-14,0.2296464,0.15301135,-0.021537712,8.51591,0.13461722,62.80357,7.0227256,0.92387235,1.296146,1.4073886
2024-11-15,,0.14031956,-0.016249925,7.8663898,,,,,,
2024-11-16,0.16814521,0.116908304,-0.004910581,6.571087,0.13020116,44.52035,7.2749653,0.87680024,1.1692978,1.2715588
2024-11-17,0.17941634,0.05361472,0.008887764,3.7014694,0.11799453,55.53587,8.012821,0.4947957,1.1521982,1.2540953
2024-11-18,0.16597877,0.031396665,0.021271577,0.9272743,0.13542427,53.29337,6.889283,0.92429525,1.1705605,1.2754601
2024-11-19,,0.06701218,0.029263332,3.3819017,,,,,,
2024-11-20,0.29647455,0.060404416,0.03133275,1.4261082,0.1339086,68.1873,6.9562125,0.38886765,1.3389666,1.4550707
2024-11-21,0.25200668,0.045057774,0.027316254,2.3444965,0.12496347,64.759155,7.4853706,0.2040706,1.2866408,1.3990889
2024-11-22,0.24385732,0.10044086,0.01838148,6.8580008,0.14663585,77.38479,6.374868,0.87335557,1.6193372,1.7535526
2024-11-23,0.22648415,0.14790921,0.0066374354,8.4095955,0.1398351,85.87716,6.869001,0.99152076,1.2737701,1.3819165
2024-11-24,0.20427871,0.115307085,-0.0054717194,5.581203,0.14342824,59.264233,6.5336866,0.93207943,1.3872943,1.504907
2024-11-25,0.17855027,0.04021505,-0.015736897,1.8554597,0.11706979,64.37477,8.02364,0.75439984,1.1411214,1.2431586
2024-11-26,0.29091617,0.07011489,-0.022627274,3.8312979,0.15766217,127.05245,6.0418005,0.72544837,1.9271662,2.0806015
2024-11-27,0.20725568,0.056672934,-0.025301272,1.93858,0.13492501,63.855236,6.960374,0.3350511,1.140843,1.2432427
2024-11-28,,0.18537694,-0.023721231,10.317058,,,,,,
2024-11-29,0.2225696,0.19542146,-0.018819999,10.026608,0.18973687,91.88159,5.6856956,0.99679106,2.9167795,3.1104147
2024-11-30,0.2637333,0.17797998,-0.012232324,10.099759,0.21233723,97.39944,4.745938,0.9841888,1.8846377,2.0324106
2024-12-01,0.23390381,0.18515114,-0.005766723,9.971876,0.17239141,68.97632,5.8564496,0.98413205,1.7808188,1.9159756
2024-12-02,0.18910246,0.18051028,-0.00028153136,8.296868,0.17889795,92.18361,5.4302177,0.96794856,1.9523101,2.0999246
2024-12-03,0.1153254,0.12437644,0.004613928,4.142187,0.12477396,41.604546,7.624111,0.95592135,1.1369759,1.2372007
2024-12-04,,0.09088952,0.009864052,3.0713968,,,,,,
2024-12-05,0.25363255,0.0630593,0.015587333,3.3219235,0.13872457,64.189995,6.7308373,0.4152469,0.98717636,1.0787225
2024-12-06,0.27702257,0.0681515,0.020334054,4.879972,0.1546558,79.81396,6.0749373,0.28241593,1.273624,1.3855004
2024-12-07,0.18167484,0.12537345,0.021679575,8.219471,0.13788165,54.065853,6.768199,0.96841526,1.111119,1.2112455
2024-12-08,,0.11602902,0.017788999,3.931491,,,,,,
2024-12-09,0.11019393,0.049270403,0.008854222,1.3564733,0.12101265,33.918343,7.7259703,0.7821118,0.88706106,0.97122836
2024-12-10,0.24684466,0.08970941,-0.0025189372,5.220894,0.18632397,79.60324,5.8294015,0.46183258,1.3122628,1.4266502
2024-12-11,0.31967145,0.078114346,-0.012328276,3.6819637,0.12686676,97.37753,7.4378495,0.67268115,1.4461397,1.5692786
2024-12-12,,0.07068344,-0.016954852,3.1688178,,,,,,
2024-12-13,0.35865977,0.059328355,-0.014803776,2.1114588,0.1442156,143.04222,6.6157603,0.6982542,1.3511721,1.4662169
2024-12-14,0.16959897,0.05925115,-0.007035539,4.312922,0.118270606,61.01951,8.078301,0.5000584,0.9312004,1.0168936
2024-12-15,0.30165255,0.17658336,0.0033022217,10.3774805,0.15048344,136.16634,6.528902,0.99147856,1.2018967,1.3054539
2024-12-16,,0.123846196,0.012937804,6.414254,,,,,,
2024-12-17,0.47436142,0.13125348,0.01978089,6.821433,0.20046559,101.46732,5.102004,0.99653,1.4125226,1.5328004
2024-12-18,0.2270771,0.17052723,0.023241473,9.324336,0.13541079,69.5732,6.9711595,0.98672026,1.1636986,1.2663376
2024-12-19,0.21474475,0.16336678,0.023313506,9.139036,0.1521199,87.656975,6.5633636,0.9997892,1.3590734,1.473948
2024-12-20,0.062811725,0.083636224,0.019970594,2.3716457,0.117563695,34.69242,8.011536,0.98459667,0.94836813,1.036025
2024-12-21,0.32694766,0.074837364,0.0132028395,4.415099,0.2125818,88.951256,4.851848,0.91426593,1.5084141,1.6368854
2024-12-22,0.19139288,0.16484445,0.0037421149,8.812837,0.12662406,118.142075,7.6798167,0.9935267,1.5005746,1.6236341
2024-12-23,,0.10387176,-0.0066698776,5.9097967,,,,,,
2024-12-24,0.4059094,0.07684971,-0.01575147,4.0270724,0.14743182,101.89018,6.3353133,-0.15407978,1.3702956,1.4889901
2024-12-25,0.3365363,0.07622892,-0.021632288,4.2451153,0.1697419,94.48814,5.6091394,0.686631,1.3865162,1.5066851
2024-12-26,0.2388403,0.05147298,-0.023389662,3.0698955,0.12515356,65.36273,7.518687,0.53886056,1.1160191,1.2161674
2024-12-27,0.17305197,0.063010216,-0.021242708,1.5063529,0.15930767,75.54856,5.872605,0.9494165,1.3803684,1.5010601
2024-12-28,0.29832852,0.049914133,-0.01630051,2.625028,0.13182238,92.71498,7.337361,0.58708197,1.0165937,1.1081852
2024-12-29,,0.024282519,-0.010223938,1.9234518,,,,,,
2024-12-30,0.4563229,0.027120452,-0.0044291727,0.95382774,0.19521892,112.455574,5.2777314,0.82580453,1.3176742,1.4324245
2024-12-31,,0.031566195,0.0006504919,1.2955557,,,,,,
2025-01-01,0.26562345,0.1706751,0.0056691216,10.292738,0.15007138,75.69469,6.409639,0.9064878,1.3657577,1.479252
2025-01-02,0.19704983,0.18400118,0.011346766,9.964363,0.18272573,88.2527,5.5321555,0.97729796,2.2736526,2.4364038
2025-01-03,0.2099831,0.12590377,0.017116511,6.5027213,0.16030204,93.03048,6.0795746,0.8997709,2.1508322,2.3114629
2025-01-04,,0.121322274,0.020905918,6.8395677,,,,,,
2025-01-05,0.14055845,0.10227154,0.020278519,4.732862,0.14609955,45.478436,6.3971415,0.69402623,1.271212,1.3824633
2025-01-06,0.17378035,0.03788163,0.0143385865,2.3254182,0.16728514,66.82127,5.906587,0.3962233,1.3259567,1.441498
2025-01-07,0.3060773,0.021234522,0.0047502946,1.7359797,0.17119949,122.486755,5.8087063,0.9912354,1.1673306,1.2731154
2025-01-08,,0.08890828,-0.005092861,5.3507547,,,,,,
2025-01-09,0.3342636,0.15062816,-0.011675587,7.9538007,0.15214339,101.5557,6.2252088,0.6199641,1.5388192,1.6656969
2025-01-10,0.26918885,0.10470737,-0.01309919,4.895536,0.14642635,78.73831,6.4214063,0.44522977,1.3353323,1.4495056
2025-01-11,0.19863546,0.039701775,-0.009780747,1.2838898,0.15308292,66.0955,6.178929,0.6374072,1.3792456,1.4976819
2025-01-12,,0.030630752,-0.0038056246,2.5514703,,,,,,
2025-01-13,0.27911183,0.10905405,0.0022002899,8.220235,0.14570363,85.25869,6.49518,0.90827316,1.3661628,1.4836345
2025-01-14,0.26658854,0.13547343,0.006678401,7.9713764,0.14362596,109.505226,6.8982553,0.845638,1.7895068,1.9271728
2025-01-15,0.2744428,0.095507376,0.009567948,3.7577455,0.1531319,84.65219,6.145174,0.5682185,1.83874,1.9856678
2025-01-16,0.39919907,0.062939666,0.011568361,2.8858976,0.18685788,119.07034,5.3958483,-0.31444728,1.6804492,1.8175704
2025-01-17,0.3584196,0.085017666,0.012739302,5.497637,0.18050031,84.74111,5.482161,0.8024993,1.4072003,1.5283316
2025-01-18,0.30661967,0.16262148,0.011975262,9.11404,0.14579795,91.93613,6.555777,0.8425563,1.5960819,1.7273265
2025-01-19,0.35505274,0.106320545,0.007852366,7.256568,0.1984861,129.71547,5.8629804,0.9988718,1.3902261,1.5080643
2025-01-20,0.15556794,0.0876046,0.00028483075,5.7356014,0.13398245,71.35292,7.155533,0.98590136,1.1323339,1.2336204
2025-01-21,0.13445851,0.087833755,-0.0088261785,7.7077627,0.12327514,43.59635,7.666598,0.9843676,0.83044875,0.910432
2025-01-22,0.10205457,0.06322603,-0.016527604,3.819981,0.12637855,35.517887,7.635076,0.9607255,1.2471894,1.3533739
2025-01-23,0.18345805,0.05862959,-0.020642806,3.0968363,0.15936747,80.29912,5.976648,0.97247374,1.1697294,1.2753701
2025-01-24,0.16589557,0.034131296,-0.020739581,2.989025,0.119194485,48.012535,7.967075,-0.07706505,0.9641316,1.0528754
2025-01-25,0.2858773,0.0428744,-0.017979527,2.7496998,0.15986016,102.778725,6.2045,0.73660797,1.4660131,1.5901673
2025-01-26,0.24598202,0.052322026,-0.014006193,5.0076485,0.12087469,63.175827,7.928038,0.5562948,1.110661,1.2102973
2025-01-27,,0.10388235,-0.010150531,7.3605247,,,,,,
2025-01-28,0.3480615,0.13448492,-0.006760881,9.115359,0.14178704,100.41104,6.6539364,0.69983894,1.3472499,1.4625058
2025-01-29,0.17985465,0.11355379,-0.0032543838,8.32311,0.15019208,72.22438,6.343174,0.9787315,1.4811931,1.6034462
2025-01-30,0.36880636,0.13246685,0.0014200297,9.412334,0.16702361,186.04105,5.6158586,0.9041315,2.084018,2.2468874
2025-01-31,,0.15231416,0.007642041,7.600174,,,,,,
2025-02-01,0.20130251,0.08968919,0.014177203,3.7626202,0.13493548,51.172188,7.0235014,0.13483813,1.2870289,1.3980775
2025-02-02,0.17213064,0.10188437,0.01842602,7.2613087,0.13731949,62.943172,6.9449635,0.9412446,1.1164837,1.2173927
2025-02-03,0.23880415,0.114125796,0.0179864,7.3988323,0.13372439,65.099815,7.07453,0.62967527,1.2690947,1.3804295
2025-02-04,,0.056618072,0.012486363,3.333004,,,,,,
2025-02-05,0.11810339,0.06575114,0.0040445416,4.124105,0.11701005,40.19794,8.030575,0.84504503,0.8687564,0.95201707
2025-02-06,0.48347044,0.12466392,-0.004026671,7.4361014,0.12644424,172.28912,7.3548965,0.76213133,1.1725935,1.2782571
2025-02-07,,0.04327278,-0.009229232,1.56621,,,,,,
2025-02-08,,0.13966893,-0.010934642,7.830924,,,,,,
2025-02-09,,0.114905305,-0.010140634,8.223148,,,,,,
2025-02-10,0.3173109,0.09790113,-0.008326899,6.1768265,0.15342724,85.44481,6.311991,0.9951669,1.3822951,1.4989884
2025-02-11,,0.05861933,-0.006446632,2.8989859,,,,,,
2025-02-12,0.31755763,0.057060223,-0.004415976,3.1686485,0.14885521,160.4569,6.583923,0.6144296,1.6282102,1.7612859
2025-02-13,,0.039712828,-0.0017183321,3.5455058,,,,,,
2025-02-14,0.25574937,0.06876141,0.0018140089,5.6696253,0.10728509,135.52316,8.911824,0.99891156,0.876792,0.9601119
2025-02-15,,0.11387632,0.005063994,7.497518,,,,,,
2025-02-16,,0.07020251,0.005901715,4.0939174,,,,,,
2025-02-17,0.38856938,0.04953005,0.0027377843,4.8843975,0.17867066,200.21138,5.509615,0.9892114,1.2155491,1.3249204
2025-02-18,,0.14031053,-0.0039527137,8.227703,,,,,,
2025-02-19,0.14040028,0.12545416,-0.011399003,6.781345,0.13723245,54.126965,6.7540545,0.9897255,0.8850092,0.9704335
2025-02-20,0.43034443,0.053072415,-0.016369794,3.3250532,0.16666466,162.73572,5.7532063,0.8188451,1.1141573,1.2165121
2025-02-21,0.30001593,0.06586647,-0.01734168,4.344791,0.17573391,72.85138,5.61576,0.9643331,1.1429486,1.2464484
2025-02-22,0.1727295,0.01992091,-0.015320924,1.1808408,0.10257861,39.46444,9.225511,0.94990253,0.7902045,0.8661456
2025-02-23,,0.06163766,-0.012726929,4.680185,,,,,,
2025-02-24,0.3745593,0.17756602,-0.011373708,10.393357,0.14086384,190.28824,7.0204334,0.9918028,1.4198507,1.5352906
2025-02-25,0.45125955,0.22715409,-0.011422923,12.522151,0.39736724,128.61455,2.6089091,0.9693908,7.196051,7.5633407
2025-02-26,0.6693793,0.16791219,-0.011476259,9.496808,0.22379953,144.15697,4.269081,0.9386506,3.6140206,3.8530605
2025-02-27,,0.13465796,-0.009671322,8.805742,,,,,,
2025-02-28,0.5153783,0.15051383,-0.0047742142,9.409169,0.18339548,96.32912,5.3280683,0.96918494,2.3057685,2.4744008
2025-03-01,0.583995,0.103166334,0.0028922968,6.6819973,0.23472881,115.70311,4.8575554,0.8793038,1.3829186,1.502909
2025-03-02,0.38073194,0.13606916,0.011303051,10.227365,0.16091141,79.01228,5.834101,0.9021253,1.5710014,1.7013545
2025-03-03,,0.13158432,0.017415639,7.899172,,,,,,
2025-03-04,,0.07199451,0.018820548,4.2900867,,,,,,
2025-03-05,,0.11683485,0.015091355,7.933275,,,,,,
2025-03-06,,0.12085992,0.007977185,6.2446856,,,,,,
2025-03-07,,0.14006943,0.00010804872,6.085296,,,,,,
2025-03-08,0.3554352,0.11624504,-0.006655306,2.9914343,0.12818626,169.01804,7.2645187,0.89184314,1.1205572,1.2223263
2025-03-09,0.2895471,0.060260903,-0.011684934,3.0712874,0.11518207,164.9693,8.168572,0.9910396,1.116358,1.2176304
2025-03-10,,0.070996866,-0.015129845,4.3411603,,,,,,
2025-03-11,0.39860818,0.08712409,-0.016962,4.765699,0.15582468,112.48917,6.2264504,0.91303617,1.2119427,1.3181895
2025-03-12,0.3944394,0.14403436,-0.016702188,7.814999,0.15481338,72.53281,6.0625696,0.7226474,1.1481453,1.2510036
2025-03-13,0.2994079,0.13190252,-0.013930862,7.451594,0.11544785,60.230156,8.420363,0.9326704,1.1773127,1.2789805
2025-03-14,0.1738056,0.11501,-0.008938625,6.10241,0.11276622,54.01748,8.4562235,0.7605239,1.254548,1.3635174
2025-03-15,0.37989756,0.09968374,-0.0031353375,4.4145846,0.107531875,85.588295,8.988626,0.99535626,0.8078632,0.88305885
2025-03-16,0.5978407,0.10105456,0.0012567196,4.388473,0.11072139,113.5237,8.423994,0.8483834,0.8867326,0.9725059
2025-03-17,0.25377274,0.07066322,0.002252527,2.8215773,0.09350691,67.825035,10.381721,0.73398155,1.0262619,1.1189672
2025-03-18,0.1812333,0.044735175,-0.0006372949,2.13413,0.09073207,54.070534,10.153979,0.59795207,0.79296464,0.8717291
2025-03-19,0.12837933,0.022258878,-0.005755725,0.86976445,0.0852809,37.015312,11.432758,0.44486594,0.72460264,0.7941502
2025-03-20,0.17865956,0.09658496,-0.010071626,3.8861532,0.10237819,42.384804,9.320653,0.923024,0.8770424,0.9598376
2025-03-21,0.30923995,0.09450714,-0.011317348,3.8627124,0.09077798,58.579742,10.539726,0.48326373,0.8620033,0.9435752
2025-03-22,,0.050485093,-0.009535506,3.0356004,,,,,,
2025-03-23,,0.13686709,-0.0071631083,7.52083,,,,,,
2025-03-24,0.35411465,0.22572744,-0.006944811,11.831087,0.22534196,92.54854,5.361084,0.9937029,3.3293853,3.5326927
2025-03-25,0.2734801,0.1845818,-0.009822536,10.479321,0.19933647,66.836876,5.913558,0.99774855,3.2752652,3.483667
2025-03-26,,0.12200514,-0.014065029,7.1412373,,,,,,
2025-03-27,0.17684326,0.09605377,-0.016606238,3.4979346,0.11391844,36.766827,8.686976,0.9656568,1.1871247,1.2894789
2025-03-28,0.35025388,0.0663206,-0.014834293,1.9656372,0.1275383,84.75275,7.596487,0.93065953,1.1548316,1.256144
2025-03-29,0.23571974,0.026104143,-0.008105029,1.0937266,0.10356641,50.578957,9.30955,0.74788153,1.0586435,1.1536756
2025-03-30,,0.045019414,0.0021392547,1.6771315,,,,,,
2025-03-31,0.2649882,0.0547645,0.012942477,1.4887161,0.1051559,46.181614,9.238281,0.5318969,0.93174815,1.0170966
2025-04-01,0.2655913,0.038837697,0.021022214,1.8153201,0.09873135,63.89102,9.996327,0.8174782,0.89792264,0.98083687
2025-04-02,0.38523597,0.06076352,0.024054449,2.662487,0.1220347,78.515335,7.747574,0.7630545,1.0895107,1.1876353
2025-04-03,,0.0498658,0.021437086,1.5739325,,,,,,
2025-04-04,0.39993423,0.05858991,0.014289099,3.265947,0.10261005,64.13839,9.340257,0.46313432,0.967905,1.0566336
2025-04-05,0.3688457,0.1089776,0.004686785,4.724561,0.10130059,80.73071,9.794851,0.99562246,1.0343745,1.1260396
2025-04-06,0.40548563,0.06409638,-0.005414533,2.0342703,0.121165805,80.4878,7.8226795,0.9222202,1.2743249,1.3855487
2025-04-07,,0.09873178,-0.014509598,5.2431664,,,,,,
2025-04-08,0.30865803,0.1510525,-0.021391448,7.2020698,0.105164744,57.408672,9.169371,0.92174506,0.98630494,1.0758374
2025-04-09,0.3653937,0.1316785,-0.024826735,6.688196,0.08499744,62.660316,12.095551,0.99474436,0.7484519,0.8177098
2025-04-10,0.21454044,0.039792746,-0.02395932,0.5361696,0.095929116,53.68064,10.071306,0.8324708,0.9900832,1.0807885
2025-04-11,,0.025122039,-0.018984407,1.164342,,,,,,
2025-04-12,0.4881434,0.060329773,-0.011469936,2.5165684,0.11497872,78.50918,8.231577,0.5682969,0.94681907,1.0348651
2025-04-13,0.544845,0.13838935,-0.0039692097,5.601942,0.0966055,82.46846,9.984494,0.5917111,0.9055742,0.9896057
2025-04-14,0.41678646,0.050531305,0.0010598672,1.1193345,0.11665666,87.5643,7.9433904,0.58344436,0.80104417,0.8805345
2025-04-15,,0.19091453,0.0024361825,8.355747,,,,,,
2025-04-16,0.2450492,0.22054866,0.00086878863,10.569424,0.17638193,62.916866,7.391664,0.99144995,2.7992322,2.9721963
2025-04-17,,0.18934454,-0.0015420999,9.904206,,,,,,
2025-04-18,,0.13451277,-0.0026267113,8.067177,,,,,,
2025-04-19,0.47052905,0.09576224,-0.0016908388,5.988433,0.08407421,78.215164,12.066432,0.9453493,0.8382168,0.91367626
2025-04-20,0.52676743,0.080777295,-0.00014956365,4.4892483,0.12621251,112.70083,7.432272,0.8234021,1.243023,1.3523804
2025-04-21,0.3899109,0.051099963,-0.0005443676,1.160042,0.09026162,64.692604,10.901311,0.6317847,1.0077893,1.0982931
2025-04-22,,0.07575276,-0.0044973562,2.61328,,,,,,
2025-04-23,0.47192982,0.035722084,-0.011120495,2.246182,0.10628761,72.30579,9.144978,0.7266185,1.0574439,1.151608
2025-04-24,0.28212887,0.09765295,-0.017179197,4.9361935,0.100533575,63.81562,9.497432,0.6528712,0.9700176,1.0587039
2025-04-25,0.4802207,0.06267862,-0.018965162,1.3893691,0.10351088,76.251144,9.39824,0.6097241,0.9952381,1.084426
2025-04-26,,0.046414085,-0.014492825,2.4337494,,,,,,
2025-04-27,0.34396005,0.09061033,-0.004516877,3.5299904,0.08426784,55.629757,11.778827,0.46214277,0.7712649,0.843982
2025-04-28,0.5925598,0.088309765,0.008081109,2.292333,0.080168396,110.5998,11.769803,0.9226251,0.56268626,0.6213565
2025-04-29,0.35705087,0.043204058,0.019738276,1.1849532,0.09064909,66.45844,10.716436,0.66528565,0.8660189,0.9470798
2025-04-30,,0.051299352,0.027494688,2.7863579,,,,,,
2025-05-01,0.4506237,0.08383606,0.029694151,3.6369553,0.09584918,68.90696,10.004925,0.6590467,0.8454314,0.925225
2025-05-02,0.42889002,0.06776907,0.026120298,3.1715212,0.089180015,77.18853,11.260202,0.89018804,0.9597504,1.0466609
2025-05-03,0.3864441,0.07269315,0.017675176,3.2521548,0.09415867,77.14214,10.194018,0.75435513,1.0269483,1.120975
2025-05-04,,0.04256165,0.0060664,1.3605781,,,,,,
2025-05-05,0.541969,0.07540659,-0.006544508,2.942496,0.09070401,83.40411,10.197973,0.67304593,0.6914229,0.76181275
2025-05-06,,0.21253738,-0.017941313,10.413249,,,,,,
2025-05-07,0.21997245,0.2048252,-0.025997678,11.401205,0.10992455,57.224083,10.205533,0.9466409,1.5763737,1.6957408
2025-05-08,,0.15911393,-0.029117342,9.517315,,,,,,
2025-05-09,0.1793227,0.13305655,-0.026748246,6.806702,0.08093661,38.396408,12.480849,0.9153738,0.9100652,0.9928459
2025-05-10,0.20738569,0.103766315,-0.019744322,3.3962197,0.07410854,39.654827,13.5529785,0.6001493,0.8270939,0.9040976
2025-05-11,0.27203,0.033326883,-0.010441686,1.1046431,0.07224055,70.64335,12.860863,0.2862411,0.7429612,0.8177164
2025-05-12,0.2381061,0.027328938,-0.0016990867,1.2671373,0.08527869,71.13023,11.674897,0.13641281,0.76665103,0.8393116
2025-05-13,0.39572528,0.06272902,0.0042499164,3.2226744,0.13148038,71.63035,7.226919,0.7229481,1.1650057,1.2695861
2025-05-14,0.49218342,0.0730356,0.0067644548,2.061385,0.10991971,75.19324,8.696107,0.73340994,1.0143116,1.1085215
2025-05-15,,0.027722307,0.0068824007,1.0236789,,,,,,
2025-05-16,,0.16713901,0.0062893704,7.066935,,,,,,
2025-05-17,0.26450905,0.17168155,0.00608482,8.341243,0.13470972,59.399075,7.1985292,0.9914113,1.2615737,1.3696678
2025-05-18,0.40033746,0.13302496,0.0058819195,4.828791,0.12327972,68.6558,7.855432,0.81407213,1.2600132,1.369089
2025-05-19,,0.10450151,0.004174585,3.744617,,,,,,
2025-05-20,,0.13325524,-0.00031012457,5.014315,,,,,,
2025-05-21,0.50912654,0.12303536,-0.007246963,3.653742,0.19029106,92.46927,5.464231,0.8184691,1.1870131,1.294404
2025-05-22,0.32493126,0.103876054,-0.014229439,2.4301703,0.11700252,59.625942,8.227068,0.8772988,0.9869423,1.078387
2025-05-23,,0.08315701,-0.017791472,0.5741687,,,,,,
2025-05-24,0.432488,0.104861,-0.015338245,1.9036238,0.12326579,66.72783,7.7356873,0.67078143,0.8942127,0.97906446
2025-05-25,,0.13893858,-0.00676418,5.1726017,,,,,,
2025-05-26,,0.12094724,0.0054032607,4.896865,,,,,,
2025-05-27,,0.12395804,0.017404642,4.5855427,,,,,,
2025-05-28,,0.105407946,0.025992455,3.3803453,,,,,,
2025-05-29,0.6397931,0.098363414,0.029650988,2.7341332,0.13553558,95.833916,7.5290847,0.9911209,1.303122,1.413522
2025-05-30,0.438968,0.1627598,0.028334886,7.2599335,0.1565886,78.88444,6.1964097,0.7356039,1.1983037,1.3052619
2025-05-31,,0.18571262,0.022725698,8.37857,,,,,,
2025-06-01,0.332281,0.16884339,0.013663903,7.708613,0.105541855,56.884956,9.606136,0.9857944,0.9000165,0.9820688
2025-06-02,0.44500634,0.17709294,0.0021758208,8.29562,0.10535971,73.03343,9.701521,0.9960164,0.80675185,0.8822819
2025-06-03,0.38332838,0.22011411,-0.010122488,9.973574,0.14850414,78.72519,6.50435,0.8918749,1.351523,1.464624
2025-06-04,,0.21757977,-0.020972999,9.846329,,,,,,
2025-06-05,0.2650968,0.14615765,-0.02798242,6.5857863,0.09750439,52.02814,10.044409,0.8152927,0.9345015,1.0192933
2025-06-06,0.3450919,0.10046591,-0.029573733,4.095555,0.08508506,59.69476,11.421264,0.9763272,0.7402064,0.8110289
2025-06-07,,0.04864991,-0.025497574,1.2629024,,,,,,
2025-06-08,0.4547048,0.06379142,-0.01708792,0.7938812,0.09302915,87.393036,11.018644,0.5279078,0.83297336,0.90795237
2025-06-09,0.47293082,0.049896356,-0.006877728,1.7579777,0.11239314,75.98728,8.547183,0.18832047,0.96801347,1.05616
2025-06-10,0.5459395,0.09367187,0.0023289586,3.320585,0.11314589,78.59089,8.614205,0.5969577,0.89421654,0.9780617
2025-06-11,,0.12093286,0.008476463,3.6430197,,,,,,
2025-06-12,0.3461724,0.065338016,0.011036641,0.8162129,0.09228762,63.10362,10.999851,0.69513947,0.74229175,0.81247276
2025-06-13,0.34582204,0.07808383,0.010947013,3.0352204,0.12428888,68.82326,7.6353784,0.7529115,1.0162753,1.1098385
2025-06-14,0.5136011,0.08472783,0.009581694,2.6310453,0.12508392,76.8593,7.787751,0.5179057,1.351246,1.4659048
2025-06-15,,0.104943275,0.007624446,3.3710763,,,,,,
2025-06-16,0.47615853,0.121082745,0.0047019063,2.941296,0.122049205,72.30621,7.9570727,0.56529063,0.96660775,1.0552046
2025-06-17,0.29542056,0.19572942,0.00011712152,7.1434903,0.12740766,65.94162,7.395317,0.7874699,0.9472782,1.0366286
2025-06-18,0.21179162,0.22728698,-0.005931957,9.472583,0.086775005,40.258156,11.602651,0.99743164,0.75144887,0.8214925
2025-06-19,,0.22833742,-0.011727273,9.47092,,,,,,
2025-06-20,0.4104267,0.19913566,-0.014680604,7.0598226,0.1010746,65.88859,9.514698,0.9050047,0.83371794,0.91187066
2025-06-21,,0.17531784,-0.012680191,4.1487627,,,,,,
2025-06-22,0.3223501,0.17285101,-0.00550966,4.638193,0.09770452,60.457752,9.711171,0.6995369,0.8289912,0.9081902
2025-06-23,,0.16951163,0.0048352494,5.382834,,,,,,
2025-06-24,0.2973188,0.20688418,0.0148931295,7.869581,0.09500571,52.063038,10.151082,0.9637564,0.7927419,0.8679649
2025-06-25,,0.21054319,0.021522315,8.12913,,,,,,
2025-06-26,,0.17866664,0.023307733,5.970336,,,,,,
2025-06-27,,0.16841133,0.020951279,4.123324,,,,,,
2025-06-28,,0.16611686,0.016179265,3.570905,,,,,,
2025-06-29,0.5491747,0.15517746,0.010200295,3.3867495,0.11104289,82.55642,8.562997,0.58770585,1.0114466,1.1038871
2025-06-30,0.47860837,0.13089989,0.0031188412,2.4687526,0.15438327,87.90889,6.1086383,0.6899059,1.1553956,1.2605151
2025-07-01,,0.17342952,-0.0053603714,3.9810104,,,,,,
2025-07-02,0.48391962,0.24593195,-0.014651186,8.973622,0.12833701,78.126625,7.3263865,0.6442398,1.0096024,1.1021209
2025-07-03,0.46910137,0.23634529,-0.022785908,8.307223,0.10839931,74.090126,8.795498,0.9303982,0.9688904,1.0579458
2025-07-04,0.40812287,0.21814792,-0.027282715,7.7290616,0.14548732,85.14652,6.383124,0.8111994,1.0713699,1.170817
2025-07-05,,0.23293379,-0.026528297,8.597111,,,,,,
2025-07-06,0.60261434,0.22188671,-0.020736557,8.047399,0.15007938,95.10491,6.3253036,0.83438003,1.7618853,1.9038643
2025-07-07,,0.17781126,-0.011739644,5.2721653,,,,,,
2025-07-08,,0.1306368,-0.0022756215,1.8240678,,,,,,
2025-07-09,0.57868856,0.121288106,0.005101384,1.3894852,0.123400435,86.25402,7.8593545,0.66313726,1.0786546,1.173971
2025-07-10,,0.11402839,0.008792911,0.9322944,,,,,,
2025-07-11,,0.06724343,0.008747823,1.7991499,,,,,,
2025-07-12,,0.07655877,0.00618902,1.5003554,,,,,,
2025-07-13,,0.10693476,0.0027372343,1.5105814,,,,,,
2025-07-14,,0.122362345,-0.0006378449,1.0179667,,,,,,
2025-07-15,,0.0909756,-0.0039340183,0.5927369,,,,,,
2025-07-16,,0.09995997,-0.007282154,0.8326179,,,,,,
2025-07-17,,0.07332239,-0.01005293,1.358734,,,,,,
2025-07-18,,0.1329038,-0.010741913,1.8841176,,,,,,
2025-07-19,0.5383621,0.2183828,-0.008018425,5.6960444,0.11684334,94.198204,8.021138,0.3919898,0.92309177,1.0106776
2025-07-20,,0.223549,-0.001891815,5.161113,,,,,,
2025-07-21,,0.17264263,0.005838205,3.0081027,,,,,,
2025-07-22,,0.20804915,0.012356595,3.7647848,,,,,,
2025-07-23,0.5299398,0.2361012,0.015286282,5.753719,0.1420707,89.346466,6.572787,0.65806,1.2950797,1.4086217
2025-07-24,,0.19174303,0.013737859,2.7905147,,,,,,
2025-07-25,,0.118297696,0.008843775,1.9614584,,,,,,
2025-07-26,,0.123234995,0.003001445,1.4306998,,,,,,
2025-07-27,,0.13472642,-0.0017249306,0.8136947,,,,,,
2025-07-28,0.4977974,0.09814105,-0.0048676915,1.0885379,0.099671386,132.25241,9.306813,0.36584595,0.8156598,0.8958707
2025-07-29,,0.12970714,-0.0077481656,1.7109907,,,,,,
2025-07-30,,0.20186014,-0.01188536,5.2814846,,,,,,
2025-07-31,,0.24622571,-0.017297693,7.975003,,,,,,
2025-08-01,,0.1887166,-0.022008123,4.6923604,,,,,,
2025-08-02,,0.13272211,-0.023320928,1.2679832,,,,,,
2025-08-03,,0.17209753,-0.019959321,2.218642,,,,,,
2025-08-04,,0.103303805,-0.012999114,2.1852992,,,,,,
2025-08-05,,0.093092695,-0.005082689,3.2163167,,,,,,
2025-08-06,,0.09355629,0.0009669399,3.3768811,,,,,,
2025-08-07,,0.10537494,0.003449036,4.2573185,,,,,,
2025-08-08,,0.11016724,0.0021021385,4.78438,,,,,,
2025-08-09,,0.10641354,-0.0019388284,4.0922303,,,,,,
2025-08-10,,0.08549016,-0.006714142,3.5612597,,,,,,
2025-08-11,,0.103188105,-0.010247858,4.2756863,,,,,,
2025-08-12,,0.079425104,-0.011476534,1.1560993,,,,,,
2025-08-13,,0.09954993,-0.010517293,3.1951342,,,,,,
2025-08-14,,0.09334506,-0.008033547,1.8134359,,,,,,
2025-08-15,,0.067475125,-0.004472887,4.1476593,,,,,,
2025-08-16,,0.091489196,0.000120970595,5.995877,,,,,,
2025-08-17,,0.0624725,0.0053056595,2.2986739,,,,,,
2025-08-18,,0.07376021,0.009773049,0.81741536,,,,,,
2025-08-19,,0.087617524,0.011603003,0.9461902,,,,,,
2025-08-20,,0.08130143,0.009539355,2.46037,,,,,,
2025-08-21,,0.060719837,0.0038339423,3.4223475,,,,,,
2025-08-22,,0.106752135,-0.003663759,1.3599992,,,,,,
2025-08-23,0.46944124,0.11744378,-0.010389449,3.7164545,0.16064835,87.50852,5.9598603,0.46861395,1.2989084,1.4118078
2025-08-24,,0.089697756,-0.014307795,1.9604743,,,,,,
2025-08-25,,0.0720425,-0.014920895,0.89741504,,,,,,
2025-08-26,,0.04687606,-0.013527811,2.3882747,,,,,,
2025-08-27,,0.050820217,-0.012423404,3.1304667,,,,,,
2025-08-28,,0.052741464,-0.013262225,2.4710863,,,,,,
2025-08-29,,0.112745956,-0.015607128,2.6944587,,,,,,
2025-08-30,,0.13791646,-0.017129708,2.7118464,,,,,,
2025-08-31,,0.10090367,-0.01547956,0.7854354,,,,,,
2025-09-01,,0.17138584,-0.010333087,4.69862,,,,,,
2025-09-02,0.41894013,0.15440843,-0.003854013,3.9641562,0.15528533,80.85355,6.1424904,0.84759897,1.1846055,1.2905073
2025-09-03,0.5724339,0.07516142,0.0007076779,2.4586859,0.13499036,83.95179,7.2518263,0.4388094,1.1900183,1.2912194
2025-09-04,,0.07804508,0.0011769887,3.4275186,,,,,,
2025-09-05,,0.070113905,-0.0025568784,3.933124,,,,,,
2025-09-06,0.5917301,0.10906495,-0.008838275,2.741837,0.14041796,117.53617,7.121525,0.8575061,1.571422,1.698028
2025-09-07,,0.12291864,-0.015143867,4.736309,,,,,,
2025-09-08,,0.13228261,-0.019096307,5.4605308,,,,,,
2025-09-09,,0.11184223,-0.018962687,2.9257755,,,,,,
2025-09-10,0.6046802,0.07092674,-0.014325116,1.0567917,0.122490406,95.06818,8.133167,-0.3226625,1.3234979,1.4342755
2025-09-11,,0.054349385,-0.006229985,1.0006489,,,,,,
2025-09-12,,0.08415586,0.003178777,2.2776937,,,,,,
2025-09-13,0.3395356,0.10026822,0.011661014,3.660498,0.108142436,56.198914,9.014452,0.905187,0.7698669,0.8435886
2025-09-14,,0.047271412,0.017363952,3.3599195,,,,,,
2025-09-15,,0.078703806,0.01904407,2.5723763,,,,,,
2025-09-16,0.5981235,0.11794867,0.015965642,4.1483645,0.17059137,113.407616,5.7698064,0.99086636,2.043524,2.2026055
2025-09-17,0.49860376,0.10610323,0.008328,3.680074,0.14697394,79.65717,6.3833947,0.5798943,1.046444,1.1433045
2025-09-18,0.3227957,0.11805282,-0.0022288829,4.4794664,0.1080715,60.02096,8.912368,0.81318593,0.8532,0.934079
2025-09-19,0.36310697,0.08162652,-0.0128468005,0.67375135,0.16166103,78.068214,5.9801865,0.6410603,1.1920514,1.2983615
2025-09-20,0.5281775,0.054183755,-0.020483892,1.3821284,0.14894469,97.80577,6.933375,0.9051745,1.4435161,1.5587494
2025-09-21,0.67385983,0.089308314,-0.02334842,2.3719103,0.1491822,101.673836,6.2426643,0.4045626,0.95473087,1.045027
2025-09-22,0.5583473,0.17130104,-0.021618268,6.6059985,0.13762741,85.15446,6.798977,0.5445267,1.0195364,1.1151187
2025-09-23,,0.21261145,-0.017153079,8.707116,,,,,,
2025-09-24,0.43393007,0.21957472,-0.012479215,11.058929,0.15098229,82.44684,7.650534,0.9990789,1.3113126,1.4143382
2025-09-25,0.2087542,0.16421513,-0.009617161,7.5350547,0.15108551,51.156403,6.7240157,0.99978334,1.4802624,1.5990754
2025-09-26,0.32021794,0.09364132,-0.009013958,2.195566,0.114799134,59.51016,8.231282,0.6703793,1.0220212,1.116242
2025-09-27,,0.06897796,-0.009360099,2.4131162,,,,,,
2025-09-28,0.45784864,0.10913649,-0.008469316,5.4447556,0.1268409,76.06189,7.4298825,0.52550364,0.8426797,0.92364705
2025-09-29,0.27787876,0.14128804,-0.004983713,7.998813,0.12774491,71.414665,7.7528315,0.9967185,0.80586267,0.8822117
2025-09-30,0.346569,0.16592003,0.00015066336,7.447293,0.1527162,67.03506,6.270323,0.8795044,1.2766265,1.3874767
2025-10-01,,0.15208338,0.0041022766,7.150589,,,,,,
2025-10-02,0.38991466,0.17174405,0.0040115495,7.0953717,0.14613679,69.599266,6.5902452,0.97143906,1.1646783,1.2661376
2025-10-03,0.30899933,0.12900367,-0.0009694142,4.035625,0.13556075,75.365005,7.230165,0.9889372,0.9539232,1.0427063
2025-10-04,0.2628709,0.10153237,-0.009154174,4.3595963,0.12009043,56.719315,7.9870386,0.9125165,0.96625334,1.0558856
2025-10-05,,0.07236694,-0.017360378,1.3595592,,,,,,
2025-10-06,0.36143994,0.059813526,-0.02246836,0.9408953,0.12820466,62.84415,7.4065337,0.3400632,0.9575937,1.0460896
2025-10-07,0.31651664,0.07699527,-0.022444442,1.9495237,0.10102425,68.27777,9.485766,0.060371257,0.875259,0.9574341
2025-10-08,0.38447332,0.08286753,-0.01658754,2.6060576,0.12586807,74.901024,7.539261,0.47115472,0.9579611,1.047224
2025-10-09,,0.06825534,-0.0056875423,1.9187325,,,,,,
2025-10-10,0.4652381,0.09155803,0.007959315,4.359289,0.12601627,75.57999,7.4710627,0.278382,0.92681795,1.0137259
2025-10-11,0.44053632,0.16508247,0.020929558,7.465716,0.1258132,80.62513,7.5829954,0.86697227,0.92320853,1.0087976
2025-10-12,0.7606249,0.11160421,0.02966171,2.248944,0.14596407,119.67644,6.553822,0.3585781,1.8108029,1.9553163
2025-10-13,0.4883006,0.05732747,0.03161456,1.5650353,0.12441761,97.74849,7.510891,-0.07918883,1.0960482,1.1964633
2025-10-14,0.3453552,0.10809559,0.02607576,5.544142,0.124418706,67.71101,7.562345,0.7077561,0.9721878,1.0632174
2025-10-15,0.38439906,0.1310637,0.014328142,5.7599683,0.11197561,71.1337,8.428512,0.7437706,0.86110824,0.9432617
2025-10-16,0.31361306,0.094859205,-0.000641969,2.771005,0.14981721,77.296135,6.218836,0.88990355,1.1165767,1.218106
2025-10-17,0.38444844,0.09453357,-0.014924196,2.9605496,0.11084218,80.99235,8.504579,-0.028472185,0.9518948,1.0409003
2025-10-18,0.3829441,0.0735228,-0.02481959,1.4320918,0.13885374,77.585945,6.7531385,0.6638583,0.9905636,1.0823232
2025-10-19,0.3092114,0.046661608,-0.02820264,1.4277275,0.11201623,60.979668,8.483299,0.5022211,0.926529,1.0126127
2025-10-20,0.30520833,0.09225413,-0.025378805,5.40021,0.1793422,81.58327,5.460362,0.7824563,1.1112918,1.2137408
2025-10-21,0.33416486,0.13680546,-0.018774634,5.850965,0.11797493,70.303375,8.123186,0.70442975,0.81089514,0.8876999
2025-10-22,0.3409381,0.119323574,-0.01159503,3.8381374,0.14990994,75.464165,6.2548146,0.7433541,1.1091655,1.2098142
2025-10-23,0.27642626,0.10938392,-0.0062038666,4.5435953,0.10576358,55.978374,8.957356,0.5404384,0.83640707,0.91616184
2025-10-24,,0.107548594,-0.0033934999,4.6549335,,,,,,
2025-10-25,0.30788955,0.105929844,-0.0023064143,3.8479097,0.10732999,61.253574,8.905411,0.34707373,0.7441432,0.8165388
2025-10-26,0.2756698,0.10787671,-0.0012338998,4.7741075,0.15563393,73.13307,6.332706,0.875664,1.0567801,1.1539359
2025-10-27,0.29366758,0.13485648,0.0011692907,6.4690456,0.12807816,62.2696,7.3583717,0.7711485,0.96343386,1.0536832
2025-10-28,,0.14363784,0.0049023326,6.2829304,,,,,,
2025-10-29,0.2464671,0.08734887,0.008226549,2.4918125,0.114452615,53.17153,8.206668,0.39974433,0.9164986,1.0025231
2025-10-30,0.46095237,0.05360818,0.008650222,0.86729985,0.15609747,102.06537,6.1695642,-0.14809799,1.3449256,1.4614993
2025-10-31,0.48130697,0.04420451,0.0045658145,1.234739,0.11283735,98.02532,8.388881,0.18407264,1.3423691,1.4582928
2025-11-01,,0.05518633,-0.0033882763,1.9145652,,,,,,
2025-11-02,0.52388287,0.111906156,-0.012420105,5.6134386,0.1407887,90.53151,6.7250147,0.12559396,1.3050239,1.4169914
2025-11-03,0.20409085,0.15212783,-0.019021524,7.5123487,0.109034844,56.367958,8.902942,0.99812335,0.8771248,0.95811373
2025-11-04,0.25600916,0.11291635,-0.020546027,3.5242689,0.13747574,66.76074,6.8447924,0.7773408,1.1506382,1.2534022
2025-11-05,,0.08915529,-0.016020352,3.1139972,,,,,,
2025-11-06,0.31896105,0.10388631,-0.0060301083,4.39375,0.1323982,66.780495,7.1065946,0.42620215,1.0391393,1.1337329
2025-11-07,0.1969808,0.062206835,0.0076005263,3.4289353,0.11050271,51.902195,8.606348,0.55736995,1.00104,1.0921621
2025-11-08,0.23213297,0.040590014,0.021990802,2.5384912,0.13805568,67.249695,6.764453,0.9327795,1.2067643,1.314228
2025-11-09,0.2481103,0.046996675,0.033523973,2.9864256,0.122463346,73.64629,7.632116,0.65990764,1.1354196,1.2376193
2025-11-10,0.46955916,0.04029507,0.0387455,1.7042878,0.13914157,94.61151,6.763287,0.5579604,1.4340247,1.5567533
2025-11-11,0.6266367,0.024924507,0.035615113,1.2434118,0.11927463,105.368126,7.8399124,-0.20012347,1.3408142,1.4573574
2025-11-12,,0.03572383,0.02449297,2.128345,,,,,,
2025-11-13,0.62031096,0.039830875,0.0083258,1.3325311,0.15237726,112.86963,6.214374,-0.59614915,1.1896948,1.2972904
2025-11-14,0.39722604,0.030298162,-0.0084921345,1.5033141,0.13470125,87.00078,6.914978,0.37139127,1.506645,1.6343706
2025-11-15,0.44458905,0.0404703,-0.021553382,1.4720383,0.1273688,86.95496,7.3812566,0.2747291,1.4245347,1.5466695
2025-11-16,,0.03959211,-0.027958503,1.1447024,,,,,,
2025-11-17,0.39883685,0.05541007,-0.027246423,4.7030196,0.16129468,86.169235,5.891097,0.021095471,1.1784078,1.2833581
2025-11-18,0.23766546,0.15207991,-0.021315018,8.1753845,0.17483784,68.70863,5.5443444,0.9943507,1.34466,1.4592451
2025-11-19,0.17756696,0.18123697,-0.013340856,9.711511,0.16158852,54.372246,6.3888826,0.99913234,1.9917879,2.1368701
2025-11-20,,0.166958,-0.006266276,8.567585,,,,,,
2025-11-21,0.22396126,0.18902546,-0.0015577711,8.874603,0.15462063,62.42871,6.2657204,0.8851754,1.6333528,1.7626623
2025-11-22,0.17493346,0.1562424,0.001065366,7.1640854,0.17140071,65.834984,5.652466,0.97780776,1.7194667,1.8554238
2025-11-23,,,0.0028667278,,,74.18759,,0.5421349,,1.5592829
2025-11-24,,,0.15412532,,,,,,,
