SDD,KDB,TUR,date
7.5971994,0.1246285,1.1601712,2024-01-01
7.6003556,0.1246285,1.1388388,2024-01-02
4.748797,0.23379678,1.5799931,2024-01-03
6.826914,0.14036606,1.3017823,2024-01-04
8.042939,0.11890419,1.0116816,2024-01-05
8.624817,0.11151663,1.0625286,2024-01-06
7.2149363,0.1380377,1.2855915,2024-01-07
7.8307104,0.121839896,1.2152829,2024-01-08
7.591115,0.12447552,1.0924727,2024-01-09
8.57854,0.111097276,1.06093,2024-01-10
6.9705462,0.14036606,1.3230337,2024-01-11
7.5188913,0.126244,1.0937747,2024-01-12
5.5292864,0.17785686,1.3756839,2024-01-13
8.160511,0.11624865,1.1671472,2024-01-14
7.380921,0.1295432,1.2393937,2024-01-15
6.598669,0.1433077,1.3733405,2024-01-16
6.6805086,0.15507497,1.3644156,2024-01-17
5.593236,0.17018093,1.725447,2024-01-18
6.134454,0.15430996,1.444149,2024-01-19
6.8400745,0.1380377,1.2351941,2024-01-20
7.151509,0.13562386,1.0401151,2024-01-21
7.5103617,0.12670583,1.0811985,2024-01-22
7.4088993,0.12980197,1.1397427,2024-01-23
7.1605096,0.13299744,1.1552472,2024-01-24
7.1309123,0.13593785,1.2153857,2024-01-25
6.9670362,0.13593785,1.1738335,2024-01-26
6.915495,0.13631041,1.0615811,2024-01-27
6.977746,0.13673656,1.1080285,2024-01-28
8.16537,0.11864952,1.1178104,2024-01-29
6.3624287,0.15104002,1.4964429,2024-01-30
7.84399,0.121839896,1.1812224,2024-01-31
7.5953407,0.1293354,1.168853,2024-02-01
6.426209,0.15220873,1.4852545,2024-02-02
6.7179403,0.15202153,2.3111129,2024-02-03
8.340985,0.11918612,1.3096662,2024-02-04
8.251397,0.11674564,1.1647128,2024-02-05
8.394926,0.11418377,1.3635453,2024-02-06
8.793267,0.10601267,1.039033,2024-02-07
8.181175,0.11674564,1.3705169,2024-02-08
8.5103,0.11477864,1.1840345,2024-02-09
9.709638,0.09921895,1.1344047,2024-02-10
8.863435,0.10830042,0.9361242,2024-02-11
8.79014,0.11724176,1.7278776,2024-02-12
8.299741,0.11543907,1.2044548,2024-02-13
10.667297,0.094818465,0.8605332,2024-02-14
7.649072,0.1319753,1.2259989,2024-02-15
5.787361,0.16782117,1.4828494,2024-02-16
6.6696444,0.14199434,1.4042776,2024-02-17
6.4191937,0.16896577,2.8250444,2024-02-18
5.6811004,0.18021765,2.1668744,2024-02-19
5.1893916,0.19214235,1.953454,2024-02-20
8.082977,0.12296213,1.3841543,2024-02-21
7.7216573,0.12707879,1.7007475,2024-02-22
6.748844,0.14364265,1.466273,2024-02-23
6.021871,0.16003323,1.4821496,2024-02-24
6.85457,0.1380377,1.2558317,2024-02-25
8.359627,0.11649921,1.1643364,2024-02-26
8.150952,0.11864952,1.1773301,2024-02-27
8.007211,0.12075614,1.3139205,2024-02-28
8.049753,0.12276051,1.4856659,2024-02-29
6.7947364,0.14096816,1.4250741,2024-03-01
8.465677,0.11151663,1.2658544,2024-03-02
9.320037,0.10147904,1.0630066,2024-03-03
7.34766,0.1295432,1.2007266,2024-03-04
6.8488493,0.13708247,1.0386794,2024-03-05
8.530273,0.11321668,1.1843328,2024-03-06
6.5641427,0.14715996,1.5699247,2024-03-07
8.255807,0.11513462,1.1836536,2024-03-08
9.050167,0.10601267,1.0095835,2024-03-09
10.386411,0.09629884,0.90524787,2024-03-10
5.931524,0.1593643,1.4499311,2024-03-11
8.62292,0.11260714,1.3856665,2024-03-12
6.907419,0.14036606,1.3810261,2024-03-13
5.9732924,0.16788717,1.3770467,2024-03-14
8.196923,0.14964883,2.1055212,2024-03-15
5.784445,0.16862585,1.4989543,2024-03-16
6.866269,0.13782123,1.1879584,2024-03-17
9.064962,0.107488416,1.1698157,2024-03-18
8.686009,0.11151663,1.2206502,2024-03-19
8.232106,0.11574749,1.2354012,2024-03-20
8.001369,0.11974311,1.3101044,2024-03-21
7.7533345,0.12392706,1.1294465,2024-03-22
8.946765,0.108019315,1.1214973,2024-03-23
8.573047,0.11321668,1.2353489,2024-03-24
8.346917,0.11846594,1.475156,2024-03-25
8.141598,0.12360724,1.7615715,2024-03-26
8.844316,0.10830042,0.9179514,2024-03-27
6.708796,0.14364265,1.5021285,2024-03-28
12.755052,0.08810094,0.6528668,2024-03-29
10.904743,0.094818465,0.9169238,2024-03-30
9.714022,0.100614205,1.0184438,2024-03-31
6.691047,0.1433077,1.2982424,2024-04-01
10.275183,0.09418904,0.921927,2024-04-02
10.447922,0.09200952,0.96962905,2024-04-03
13.798605,0.07202738,0.78254795,2024-04-04
13.618824,0.073619604,0.7749797,2024-04-05
13.423893,0.07425164,0.714849,2024-04-06
8.05219,0.11804531,1.026568,2024-04-07
8.684755,0.108804174,0.9500769,2024-04-08
9.5308,0.0998448,0.7392969,2024-04-09
10.30257,0.090680584,0.6946361,2024-04-10
9.702777,0.100437306,0.9367593,2024-04-11
9.508799,0.100437306,0.94852495,2024-04-12
10.479205,0.09129032,0.8930414,2024-04-13
11.78236,0.083346486,0.8716044,2024-04-14
12.9436,0.07303781,0.7546832,2024-04-15
24.571213,0.09778624,0.41670957,2024-04-16
17.009272,0.09608367,0.7616027,2024-04-17
10.261677,0.09418904,1.0101315,2024-04-18
13.152606,0.07425164,0.83963674,2024-04-19
10.698977,0.09024605,0.94172275,2024-04-20
10.193512,0.09568671,0.87229466,2024-04-21
9.492424,0.10119989,0.9487312,2024-04-22
8.929057,0.10669324,0.9355928,2024-04-23
8.438601,0.11229084,0.94753164,2024-04-24
9.796264,0.09965828,0.9353414,2024-04-25
11.336201,0.086942255,0.8514151,2024-04-26
11.578506,0.08810094,1.104035,2024-04-27
7.80811,0.1288199,1.2240592,2024-04-28
11.706814,0.08112605,0.7252723,2024-04-29
12.639251,0.08466934,0.8421916,2024-04-30
10.58819,0.0924021,0.84967226,2024-05-01
10.089366,0.097190425,0.9203598,2024-05-02
9.473286,0.102857225,0.97534895,2024-05-03
6.8482876,0.13899206,1.2231919,2024-05-04
9.542462,0.10147904,0.9829568,2024-05-05
8.776041,0.111863315,1.1397698,2024-05-06
8.257455,0.122323185,1.2345849,2024-05-07
7.6440487,0.13255426,1.4274536,2024-05-08
7.296637,0.14289723,1.7766683,2024-05-09
9.109466,0.115071766,1.3258461,2024-05-10
11.208792,0.086942255,0.74946564,2024-05-11
9.3599615,0.104534246,1.0749682,2024-05-12
8.901538,0.107488416,0.8317358,2024-05-13
8.551358,0.11132746,1.0639167,2024-05-14
8.236835,0.11543907,1.0140532,2024-05-15
8.151411,0.119328424,1.0460845,2024-05-16
7.747169,0.12341974,1.2624034,2024-05-17
8.68139,0.111863315,1.1365212,2024-05-18
9.606672,0.10016082,0.868503,2024-05-19
10.631306,0.09629884,0.8960123,2024-05-20
7.817119,0.12255174,1.0409067,2024-05-21
9.230779,0.10729707,0.93814754,2024-05-22
11.179334,0.09200952,0.80496454,2024-05-23
12.995896,0.07739663,0.7549108,2024-05-24
11.578261,0.08466934,0.87101454,2024-05-25
9.591311,0.09921895,0.83856577,2024-05-26
8.4967165,0.11093808,0.9763913,2024-05-27
13.619567,0.07425164,1.1448239,2024-05-28
14.022633,0.07303781,0.76230913,2024-05-29
14.368496,0.07187128,0.6656556,2024-05-30
11.916303,0.083346486,1.0381737,2024-05-31
11.846354,0.08240357,0.8739494,2024-06-01
12.964018,0.07739663,0.7990446,2024-06-02
14.040132,0.073619604,0.6460517,2024-06-03
11.801473,0.086942255,0.7540048,2024-06-04
13.36684,0.07425164,0.7873436,2024-06-05
12.032734,0.08240357,0.8452837,2024-06-06
10.6264305,0.09129032,0.948175,2024-06-07
10.973743,0.08927505,0.94165844,2024-06-08
10.130681,0.09400215,0.80951035,2024-06-09
9.49445,0.100614205,0.87573963,2024-06-10
8.92353,0.10733928,0.8947353,2024-06-11
8.319095,0.11409455,1.0088823,2024-06-12
7.8549542,0.12015582,1.0811908,2024-06-13
8.981922,0.10669324,0.974131,2024-06-14
10.233103,0.09347582,0.865458,2024-06-15
12.086659,0.08112605,0.7731008,2024-06-16
8.062614,0.11804531,1.0370644,2024-06-17
8.484475,0.114492536,1.0202595,2024-06-18
8.811087,0.11093808,0.9960099,2024-06-19
9.702433,0.10016082,0.9690664,2024-06-20
7.7094097,0.12075614,1.0012034,2024-06-21
10.206828,0.09821969,0.96523166,2024-06-22
8.128823,0.11574749,1.0890518,2024-06-23
10.605618,0.0924021,0.9358398,2024-06-24
9.174384,0.103683054,0.9467668,2024-06-25
8.614439,0.11477864,1.04085,2024-06-26
6.9473453,0.13631041,1.1766977,2024-06-27
6.53932,0.14679375,1.4063435,2024-06-28
6.257414,0.15700503,1.620381,2024-06-29
6.155784,0.16770333,1.8802017,2024-06-30
6.4152894,0.15104002,1.7011855,2024-07-01
7.017143,0.13782123,1.1605762,2024-07-02
7.9216332,0.12447552,1.1561376,2024-07-03
8.764494,0.11132746,1.1099927,2024-07-04
8.676878,0.11321668,1.0740721,2024-07-05
8.357927,0.11543907,1.0399315,2024-07-06
8.213079,0.11741117,1.0507421,2024-07-07
8.003527,0.11947804,1.0767328,2024-07-08
7.879855,0.12151014,1.0547147,2024-07-09
7.600027,0.12392706,1.0396125,2024-07-10
7.5409627,0.12561351,1.1397684,2024-07-11
7.339344,0.1277995,1.0190877,2024-07-12
7.0236883,0.13335572,1.1822205,2024-07-13
6.7093472,0.13910982,1.2604467,2024-07-14
7.0889525,0.13335572,1.2425296,2024-07-15
7.4835978,0.12732497,1.1369915,2024-07-16
7.7873135,0.12151014,1.0790418,2024-07-17
8.09884,0.11543907,1.039369,2024-07-18
8.753405,0.10933918,0.96798253,2024-07-19
9.153939,0.103683054,0.96456134,2024-07-20
11.708469,0.08009945,0.726616,2024-07-21
9.536338,0.10500647,1.0074933,2024-07-22
7.406202,0.12980197,1.1778331,2024-07-23
8.386292,0.11229084,1.022127,2024-07-24
8.742674,0.10830042,0.9974984,2024-07-25
8.255453,0.11513462,1.0584512,2024-07-26
7.74985,0.12216811,1.014409,2024-07-27
7.317082,0.1288199,0.88559633,2024-07-28
7.303227,0.1288199,1.0212657,2024-07-29
7.426098,0.1288199,1.1204447,2024-07-30
7.480575,0.12805772,1.1102558,2024-07-31
7.345911,0.1276617,1.0222194,2024-08-01
7.344116,0.12732497,0.9255387,2024-08-02
7.3871293,0.12692474,0.8967239,2024-08-03
7.411493,0.12651378,0.8992893,2024-08-04
7.45346,0.12626712,1.0329973,2024-08-05
7.5196204,0.1258694,1.0218866,2024-08-06
7.5490746,0.12561351,1.0158406,2024-08-07
7.537135,0.12503989,1.1317962,2024-08-08
7.5705748,0.12477896,1.0726418,2024-08-09
7.612695,0.12392706,1.1177921,2024-08-10
7.6487417,0.12392706,1.127869,2024-08-11
7.6541142,0.12392706,1.0507119,2024-08-12
7.701404,0.12329052,1.0529372,2024-08-13
7.7888813,0.12296213,1.0813631,2024-08-14
7.8710876,0.12255174,1.0964059,2024-08-15
7.8149767,0.12216811,1.082348,2024-08-16
7.9692407,0.11974311,1.047978,2024-08-17
8.169284,0.11724176,1.0222286,2024-08-18
8.391039,0.11477864,1.0738897,2024-08-19
8.4693365,0.11260714,0.9750806,2024-08-20
8.6372795,0.11000598,0.9355391,2024-08-21
8.749419,0.10775777,0.8498926,2024-08-22
9.330213,0.10525175,0.86727035,2024-08-23
8.9095745,0.106446676,0.8579045,2024-08-24
8.852708,0.107488416,0.8173681,2024-08-25
8.787623,0.10830042,0.9033387,2024-08-26
8.806701,0.10980147,0.82967615,2024-08-27
8.615173,0.11074262,0.8307445,2024-08-28
8.58172,0.11192563,0.93026537,2024-08-29
8.456134,0.113104686,0.8785321,2024-08-30
8.51106,0.11409455,0.9125858,2024-08-31
8.315538,0.11513462,1.0736923,2024-09-01
8.387477,0.11649921,0.95342046,2024-09-02
8.2659445,0.11741117,0.86245537,2024-09-03
6.8303404,0.13910982,1.3229612,2024-09-04
7.584897,0.12392706,1.4662974,2024-09-05
6.806905,0.14036606,1.3219646,2024-09-06
11.439577,0.08810094,1.052997,2024-09-07
8.349507,0.11418377,0.9426585,2024-09-08
9.694251,0.0998448,0.90931535,2024-09-09
5.62312,0.17632738,1.3561827,2024-09-10
6.789812,0.14584851,1.509401,2024-09-11
5.9887457,0.16305324,1.2641349,2024-09-12
8.779635,0.107488416,0.882124,2024-09-13
7.947074,0.12015582,1.109198,2024-09-14
7.2152853,0.13380592,1.0332012,2024-09-15
6.720257,0.14766873,1.2237123,2024-09-16
8.243217,0.11612124,1.0434079,2024-09-17
8.167256,0.118211806,1.0561002,2024-09-18
7.996617,0.12015582,0.9733928,2024-09-19
6.7522388,0.1451024,1.2736979,2024-09-20
7.624186,0.12392706,1.0411203,2024-09-21
7.581709,0.12513337,1.107806,2024-09-22
7.539705,0.126244,1.044282,2024-09-23
7.576949,0.1276617,0.9645395,2024-09-24
7.338705,0.13003305,1.2076741,2024-09-25
7.45062,0.12805772,1.0760167,2024-09-26
7.6325893,0.12598065,1.0827469,2024-09-27
8.127481,0.11846594,1.1099322,2024-09-28
7.7768273,0.12352398,1.1607306,2024-09-29
6.9906926,0.1414022,1.189517,2024-09-30
6.4485345,0.15082824,1.2448683,2024-10-01
7.019655,0.13673656,1.1683077,2024-10-02
8.329871,0.1293354,1.050077,2024-10-03
8.017786,0.121839896,1.1582603,2024-10-04
8.676798,0.12670583,1.2406677,2024-10-05
8.649526,0.119328424,1.0876287,2024-10-06
8.898121,0.11192563,1.0031636,2024-10-07
9.268829,0.104534246,0.9375686,2024-10-08
6.812692,0.13999133,1.200059,2024-10-09
8.455769,0.111976705,1.024343,2024-10-10
8.8597555,0.108804174,0.9129545,2024-10-11
9.245883,0.10525175,0.92024434,2024-10-12
6.9704037,0.13708247,1.2717626,2024-10-13
6.8425493,0.13718294,1.249124,2024-10-14
7.0185657,0.13555655,1.2637259,2024-10-15
7.1342516,0.13380592,1.2476612,2024-10-16
5.988295,0.16187623,1.3917156,2024-10-17
8.105746,0.11624865,1.0487483,2024-10-18
7.978978,0.11890419,1.0661445,2024-10-19
7.8125925,0.12122936,1.0366834,2024-10-20
7.0893254,0.13469698,1.0944606,2024-10-21
5.606439,0.1749882,1.4130938,2024-10-22
5.9845066,0.16770333,1.3193152,2024-10-23
5.907297,0.16062306,1.2519436,2024-10-24
6.7199283,0.1414022,1.430331,2024-10-25
6.5918026,0.15250573,1.8494843,2024-10-26
6.789966,0.14346085,1.3834295,2024-10-27
7.5011964,0.13084878,1.2274814,2024-10-28
7.1468477,0.13335572,1.1513952,2024-10-29
5.496741,0.17962769,1.520842,2024-10-30
7.0890856,0.13459715,1.061599,2024-10-31
8.102632,0.11764142,1.0226942,2024-11-01
9.815113,0.09846567,0.7977545,2024-11-02
6.5824013,0.1451024,1.1721927,2024-11-03
9.407817,0.101800926,0.8494201,2024-11-04
7.655117,0.12327245,1.1430982,2024-11-05
8.884662,0.106446676,0.96193725,2024-11-06
8.595065,0.11192563,1.187017,2024-11-07
8.076157,0.11741117,1.1404989,2024-11-08
6.7258816,0.14289723,1.4566547,2024-11-09
7.535167,0.1246285,1.0467565,2024-11-10
7.5311694,0.12538852,1.224432,2024-11-11
7.588094,0.12590605,1.173735,2024-11-12
7.724675,0.12360724,1.0253171,2024-11-13
7.078709,0.13459715,1.1238452,2024-11-14
7.451965,0.1319753,1.2183336,2024-11-15
7.4016085,0.13042168,1.2896348,2024-11-16
8.033442,0.11788873,1.1915329,2024-11-17
6.919439,0.13526481,1.2939231,2024-11-18
7.232784,0.13459715,1.3359877,2024-11-19
7.054452,0.13393368,1.3501868,2024-11-20
7.427159,0.12503989,1.3010039,2024-11-21
6.46101,0.14663021,1.6626462,2024-11-22
6.8973513,0.13967109,1.2955811,2024-11-23
6.6229386,0.14346085,1.3628623,2024-11-24
8.123271,0.117049545,1.1680075,2024-11-25
6.029017,0.15748164,1.9467771,2024-11-26
7.0028815,0.13486591,1.2720348,2024-11-27
6.2795496,0.16193584,2.1603034,2024-11-28
5.71859,0.19010217,3.1064415,2024-11-29
4.723575,0.21231313,2.0963829,2024-11-30
5.9350724,0.17174,2.7658043,2024-12-01
5.516931,0.17849752,1.7652497,2024-12-02
7.681296,0.12477896,1.1878861,2024-12-03
7.386889,0.1319753,1.1063381,2024-12-04
6.816677,0.13865061,1.1931485,2024-12-05
6.1248665,0.15469465,1.3614761,2024-12-06
6.826749,0.13782123,1.2211418,2024-12-07
7.4072585,0.1293354,1.1456194,2024-12-08
7.8028917,0.12095998,1.0671346,2024-12-09
5.719255,0.18095408,1.3251989,2024-12-10
7.499815,0.12692474,1.3979286,2024-12-11
7.1552734,0.13549504,1.3081878,2024-12-12
6.6524525,0.14419448,1.3898194,2024-12-13
8.054071,0.118226096,1.0669746,2024-12-14
6.63005,0.1503044,1.4012488,2024-12-15
5.769926,0.1749882,1.5025816,2024-12-16
5.1238637,0.20107253,1.5449064,2024-12-17
6.9999933,0.13526481,1.2405213,2024-12-18
6.6029873,0.15202153,1.532429,2024-12-19
8.096369,0.11764142,1.006356,2024-12-20
4.8435774,0.21219778,1.5974789,2024-12-21
7.653031,0.12651378,1.4200395,2024-12-22
7.03405,0.13673656,1.1727831,2024-12-23
6.4102783,0.14715996,1.4548641,2024-12-24
5.687416,0.16994452,1.4591122,2024-12-25
7.5512533,0.12513337,1.1823546,2024-12-26
5.917323,0.1593643,1.4694866,2024-12-27
8.077993,0.1319753,1.3002784,2024-12-28
6.186486,0.16341124,1.2682091,2024-12-29
5.2931476,0.1935829,1.4228045,2024-12-30
5.7828197,0.17364134,1.438589,2024-12-31
6.3930774,0.15006179,1.5108203,2025-01-01
5.912567,0.18221363,3.1238647,2025-01-02
6.007831,0.16003323,2.1394272,2025-01-03
6.304066,0.15332973,1.5475547,2025-01-04
6.605995,0.14608184,1.3562104,2025-01-05
5.935786,0.1668579,1.398443,2025-01-06
5.856402,0.17106897,1.2956525,2025-01-07
5.96162,0.16187623,1.4038819,2025-01-08
6.183771,0.15220873,1.6018249,2025-01-09
6.8130403,0.14608184,1.3342032,2025-01-10
6.2424984,0.15332973,1.4730415,2025-01-11
6.4312887,0.14938273,1.4830347,2025-01-12
6.5754104,0.1456364,1.5168785,2025-01-13
6.7769537,0.14364265,1.7871236,2025-01-14
6.24462,0.15332973,1.3181578,2025-01-15
5.627611,0.18150014,1.3697169,2025-01-16
5.542154,0.18082145,1.5160328,2025-01-17
6.654122,0.14584851,1.6109296,2025-01-18
5.8622007,0.19824393,1.5147469,2025-01-19
7.1237144,0.13393368,1.1452832,2025-01-20
7.6631,0.12329052,1.0004824,2025-01-21
7.6333737,0.12626712,1.2944613,2025-01-22
6.0483236,0.1593643,1.454478,2025-01-23
7.9676733,0.11918612,1.105592,2025-01-24
6.180504,0.16003323,1.5438424,2025-01-25
7.8823137,0.12095998,1.1544081,2025-01-26
7.408573,0.13141571,1.284094,2025-01-27
6.6558404,0.14180528,1.4896646,2025-01-28
6.4700856,0.1503044,1.5661398,2025-01-29
5.6824217,0.16704224,2.2121189,2025-01-30
6.3380055,0.15082824,1.6796266,2025-01-31
7.068148,0.13495277,1.3562872,2025-02-01
6.8869486,0.1374173,1.2033879,2025-02-02
7.0807633,0.13380592,1.3750862,2025-02-03
7.553844,0.12538852,1.1623726,2025-02-04
8.132832,0.117049545,1.0914118,2025-02-05
7.461183,0.12651378,1.2367991,2025-02-06
7.1146207,0.13299744,1.3429929,2025-02-07
6.8311496,0.13999133,1.3902867,2025-02-08
6.472591,0.14663021,1.5119915,2025-02-09
6.294754,0.15332973,1.4790161,2025-02-10
6.3992953,0.15116115,1.4726846,2025-02-11
6.486361,0.14882141,1.5312412,2025-02-12
7.6834583,0.12805772,1.3434258,2025-02-13
8.926366,0.10729707,1.0147153,2025-02-14
7.3462834,0.13084878,1.1264296,2025-02-15
6.4781775,0.15469465,1.5526382,2025-02-16
5.6057796,0.17799589,1.3197484,2025-02-17
6.1167545,0.15794341,1.2022512,2025-02-18
6.891161,0.13718294,1.0340861,2025-02-19
5.8722277,0.1668579,1.3115534,2025-02-20
5.5991907,0.17527728,1.2959623,2025-02-21
9.262414,0.10248989,0.8692057,2025-02-22
8.027044,0.121839896,1.1575649,2025-02-23
7.0013895,0.14096816,1.3837128,2025-02-24
2.7117178,0.39512864,7.5049496,2025-02-25
4.341277,0.22472286,3.8487868,2025-02-26
4.7485757,0.20283948,3.083308,2025-02-27
5.357777,0.18221363,2.5032537,2025-02-28
4.785492,0.23379678,1.5427877,2025-03-01
5.8943195,0.1610732,1.7296023,2025-03-02
6.1230054,0.15548864,1.624393,2025-03-03
6.366713,0.1499171,1.5248116,2025-03-04
6.5845823,0.14443746,1.575179,2025-03-05
6.8168597,0.13899206,1.3695787,2025-03-06
7.094589,0.13358727,1.289521,2025-03-07
7.3220196,0.12812915,1.1690032,2025-03-08
8.210915,0.11513462,1.2326854,2025-03-09
7.1737227,0.13549504,1.2354566,2025-03-10
6.2079287,0.15580018,1.3496184,2025-03-11
6.110564,0.15469465,1.2947822,2025-03-12
8.434071,0.11543907,1.1891323,2025-03-13
8.42164,0.11280038,1.1752177,2025-03-14
8.961402,0.107488416,0.8842293,2025-03-15
8.575457,0.11074262,1.0244762,2025-03-16
10.3779545,0.09347582,1.0072027,2025-03-17
10.335444,0.09078928,0.89079857,2025-03-18
11.867244,0.08466934,0.88931936,2025-03-19
9.333081,0.10248989,0.9679907,2025-03-20
10.57804,0.09129032,0.8341173,2025-03-21
8.482265,0.13562386,1.6214094,2025-03-22
6.7953153,0.18077348,2.5988965,2025-03-23
5.336487,0.22544801,3.553348,2025-03-24
5.886213,0.1991192,3.4378638,2025-03-25
6.9461236,0.15655565,2.1994178,2025-03-26
8.678874,0.113799706,1.2389698,2025-03-27
7.5838027,0.12748148,1.2159543,2025-03-28
9.238344,0.103683054,1.1170753,2025-03-29
9.258824,0.104534246,1.0314269,2025-03-30
9.279342,0.10500647,1.0011859,2025-03-31
9.721022,0.09846567,0.8489067,2025-04-01
7.7969623,0.12205995,1.1515852,2025-04-02
8.536538,0.11238161,1.05891,2025-04-03
9.265139,0.102857225,0.99289566,2025-04-04
9.799172,0.10119989,1.0388705,2025-04-05
7.8607063,0.12122936,1.2737625,2025-04-06
8.526256,0.11321668,1.189168,2025-04-07
9.214922,0.10525175,1.0221832,2025-04-08
13.163731,0.08466934,0.6775874,2025-04-09
10.177328,0.09608367,1.0205504,2025-04-10
9.173045,0.1054573,1.0623766,2025-04-11
8.297202,0.115071766,1.107296,2025-04-12
10.181909,0.097190425,0.9077084,2025-04-13
8.12867,0.11649921,1.0255384,2025-04-14
7.577626,0.1465342,1.8592293,2025-04-15
7.268556,0.17636847,2.965426,2025-04-16
8.664136,0.14552262,2.1175897,2025-04-17
8.51277,0.11477864,1.2756468,2025-04-18
12.027828,0.08466934,0.9023772,2025-04-19
7.558473,0.12626712,1.2175108,2025-04-20
10.891824,0.09024605,1.0306325,2025-04-21
9.865136,0.09846567,0.99951065,2025-04-22
8.971791,0.10601267,0.9681851,2025-04-23
9.51582,0.100614205,0.9655182,2025-04-24
9.364498,0.102857225,0.9878116,2025-04-25
10.431957,0.09347582,0.87536526,2025-04-26
15.216854,0.08466934,0.79875094,2025-04-27
11.898201,0.08009945,0.6570978,2025-04-28
10.558475,0.090680584,0.9334025,2025-04-29
10.334763,0.09320787,0.9238055,2025-04-30
10.231215,0.09568671,0.8962472,2025-05-01
11.172346,0.08927505,0.9779849,2025-05-02
10.252193,0.09418904,1.0013503,2025-05-03
10.297353,0.0924021,0.9849931,2025-05-04
10.205732,0.09078928,0.81103086,2025-05-05
10.192054,0.100437306,1.2258581,2025-05-06
10.187101,0.110151894,1.6964452,2025-05-07
11.266419,0.09568671,1.3489323,2025-05-08
12.333221,0.08112605,0.9117736,2025-05-09
13.293626,0.07425164,0.78968614,2025-05-10
12.868714,0.07202738,0.81553936,2025-05-11
11.582805,0.08466934,0.9303699,2025-05-12
7.352252,0.13141571,1.3193469,2025-05-13
8.749658,0.10980147,1.0516835,2025-05-14
8.083772,0.118226096,1.1992414,2025-05-15
7.5596576,0.12651378,1.1353121,2025-05-16
7.188947,0.13469698,1.3275017,2025-05-17
7.7719803,0.12329052,1.0668969,2025-05-18
6.888591,0.1456364,1.3706673,2025-05-19
6.174899,0.16770333,1.3789862,2025-05-20
5.4789276,0.1897755,1.3071492,2025-05-21
8.280847,0.117049545,1.052842,2025-05-22
7.947577,0.12015582,1.0061281,2025-05-23
7.672601,0.12327245,1.0210952,2025-05-24
7.594684,0.12561351,1.03949,2025-05-25
7.5253587,0.12812915,1.1141925,2025-05-26
7.5234065,0.13042168,1.2292975,2025-05-27
7.2378283,0.13299744,1.207977,2025-05-28
7.3881354,0.13549504,1.3455642,2025-05-29
6.1465974,0.15655565,1.3690959,2025-05-30
7.8209596,0.13084878,1.1929568,2025-05-31
9.520227,0.10567327,0.98304045,2025-06-01
9.5806875,0.1054573,0.87054044,2025-06-02
6.587652,0.14882141,1.5196004,2025-06-03
8.293749,0.12306214,1.235678,2025-06-04
10.334902,0.097190425,0.88453025,2025-06-05
11.655083,0.08466934,0.8331908,2025-06-06
11.172731,0.08927505,0.8806863,2025-06-07
10.917082,0.09320787,0.91344965,2025-06-08
8.500394,0.11238161,1.0956047,2025-06-09
8.539931,0.113104686,0.98461485,2025-06-10
9.181743,0.102857225,0.9404071,2025-06-11
10.577495,0.0924021,0.9239286,2025-06-12
7.556842,0.12392706,1.2265582,2025-06-13
7.601355,0.12503989,1.0564764,2025-06-14
7.8033614,0.12352398,1.1387715,2025-06-15
7.906241,0.12205995,1.0850164,2025-06-16
7.488777,0.12748148,1.0004555,2025-06-17
11.604064,0.086942255,0.80319947,2025-06-18
10.566008,0.09400215,0.8702331,2025-06-19
9.565874,0.10119989,0.9108467,2025-06-20
9.581852,0.09921895,0.92374146,2025-06-21
9.945978,0.09778624,0.86657506,2025-06-22
9.981587,0.09629884,0.89677536,2025-06-23
10.225837,0.094818465,0.8837741,2025-06-24
9.870248,0.09821969,0.8808544,2025-06-25
9.47034,0.10119989,0.98363614,2025-06-26
9.177396,0.104534246,0.9710171,2025-06-27
8.823755,0.10775777,0.9989438,2025-06-28
8.596224,0.111097276,1.0774975,2025-06-29
6.146772,0.15429011,1.2886193,2025-06-30
6.6911473,0.1414022,1.264145,2025-07-01
7.3298607,0.1288199,1.12038,2025-07-02
9.106302,0.10830042,0.8852665,2025-07-03
6.5786757,0.14552262,1.2454581,2025-07-04
6.3435225,0.14766873,1.5588332,2025-07-05
6.2260256,0.15006179,1.8721399,2025-07-06
6.8118,0.14096816,1.485802,2025-07-07
7.4091616,0.1319753,1.3376638,2025-07-08
7.706742,0.12341974,1.1342818,2025-07-09
7.852818,0.12276051,1.0908774,2025-07-10
7.8732433,0.12205995,1.1030002,2025-07-11
7.859173,0.12151014,1.0671257,2025-07-12
7.898128,0.12075614,1.0436212,2025-07-13
7.947529,0.120090954,1.0723946,2025-07-14
7.9753737,0.11947804,1.0103878,2025-07-15
7.9925766,0.11890419,1.0466877,2025-07-16
8.092017,0.118211806,1.0295632,2025-07-17
8.082207,0.11741117,1.0380378,2025-07-18
8.074661,0.11674564,1.0018201,2025-07-19
7.7023697,0.12306214,1.095703,2025-07-20
7.305515,0.1295432,1.1971772,2025-07-21
6.95355,0.13593785,1.2736375,2025-07-22
6.553736,0.14199434,1.4052471,2025-07-23
7.1085205,0.13358727,1.2905442,2025-07-24
7.6125555,0.12503989,1.1254462,2025-07-25
8.14391,0.11649921,1.0590746,2025-07-26
8.754304,0.10830042,0.9581464,2025-07-27
9.444408,0.09965828,0.9141633,2025-07-28
9.238512,0.101800926,0.94400066,2025-07-29
9.237221,0.104534246,0.9652091,2025-07-30
8.913774,0.10669324,0.95825464,2025-07-31
8.821821,0.10933918,0.967044,2025-08-01
8.627726,0.11132746,1.0414279,2025-08-02
8.48493,0.113799706,1.0508046,2025-08-03
8.282685,0.11612124,1.0193981,2025-08-04
8.173789,0.11846594,1.0258528,2025-08-05
8.042133,0.120816685,1.0713204,2025-08-06
7.975587,0.12306214,1.0589294,2025-08-07
7.7591505,0.12538852,1.0651374,2025-08-08
7.661523,0.1277995,1.0715089,2025-08-09
7.6063724,0.13003305,1.1401992,2025-08-10
7.5211315,0.13255426,1.2199707,2025-08-11
7.275276,0.13486591,1.1912855,2025-08-12
7.026093,0.13708247,1.2035463,2025-08-13
7.0115204,0.13967109,1.2278116,2025-08-14
6.9428463,0.14180528,1.2711109,2025-08-15
6.834776,0.14419448,1.2580819,2025-08-16
6.704088,0.1465342,1.3690779,2025-08-17
6.5452223,0.14882141,1.3447005,2025-08-18
6.498597,0.15116115,1.3531715,2025-08-19
6.277603,0.15332973,1.3192364,2025-08-20
6.2356005,0.1560909,1.3573129,2025-08-21
6.029632,0.15790586,1.3657013,2025-08-22
5.9579935,0.16062306,1.4371625,2025-08-23
5.987824,0.16003323,1.373026,2025-08-24
6.004434,0.1593643,1.3817792,2025-08-25
6.0250883,0.15872425,1.3744736,2025-08-26
6.073431,0.15872425,1.4331895,2025-08-27
6.0409236,0.15790586,1.3788326,2025-08-28
6.0386143,0.15748164,1.3951902,2025-08-29
6.2090874,0.15700503,1.3638009,2025-08-30
6.1428165,0.1560909,1.3010067,2025-08-31
6.1177716,0.15580018,1.3107973,2025-09-01
6.176018,0.15505512,1.3067704,2025-09-02
7.2023845,0.13526481,1.2140716,2025-09-03
7.055179,0.13673656,1.3853731,2025-09-04
6.958863,0.13865061,1.4322089,2025-09-05
7.02073,0.14036606,1.5175399,2025-09-06
6.9822745,0.13593785,1.2240669,2025-09-07
7.5159183,0.13141571,1.5056264,2025-09-08
7.7463765,0.12707879,1.4859922,2025-09-09
8.041349,0.12255174,1.3545513,2025-09-10
8.283391,0.11788873,1.2479919,2025-09-11
8.466663,0.11280038,1.012162,2025-09-12
8.759764,0.10830042,0.94333094,2025-09-13
7.80895,0.1288199,1.2553036,2025-09-14
6.8209004,0.14964883,1.6322932,2025-09-15
5.7409797,0.17071097,2.0481837,2025-09-16
6.511738,0.14679375,1.2669815,2025-09-17
8.842886,0.108019315,0.9422362,2025-09-18
5.9941144,0.16152,1.2985358,2025-09-19
6.502845,0.14882141,1.4500486,2025-09-20
6.3673706,0.14882141,1.2001505,2025-09-21
6.7641797,0.1374173,1.2225083,2025-09-22
7.1538806,0.14443746,1.2793187,2025-09-23
7.6410275,0.15082824,1.4153527,2025-09-24
6.733131,0.15104002,1.5557655,2025-09-25
8.422363,0.11477864,1.0150418,2025-09-26
7.8763266,0.120816685,1.083559,2025-09-27
7.46974,0.12682103,1.0289191,2025-09-28
7.6903954,0.1276617,0.943772,2025-09-29
6.21885,0.15250573,1.4191015,2025-09-30
6.4441705,0.14938273,1.3766798,2025-10-01
6.682937,0.14608184,1.327688,2025-10-02
7.1869063,0.13555655,1.0761489,2025-10-03
7.991815,0.120090954,1.0634407,2025-10-04
7.5930495,0.12392706,1.045979,2025-10-05
7.5581846,0.12812915,1.2801584,2025-10-06
9.553591,0.10119989,0.91479707,2025-10-07
7.5459366,0.1258694,1.0491122,2025-10-08
7.567081,0.12590605,1.0823706,2025-10-09
7.5356917,0.12598065,1.0568091,2025-10-10
7.6409793,0.12561351,1.1285534,2025-10-11
6.6920433,0.14584851,1.8451939,2025-10-12
7.541209,0.12442575,1.197059,2025-10-13
7.5269856,0.12442575,1.0110589,2025-10-14
8.410121,0.111976705,1.0088786,2025-10-15
6.796833,0.14964883,1.5797642,2025-10-16
8.543387,0.11093808,1.0054877,2025-10-17
6.832215,0.13899206,1.2214161,2025-10-18
8.452844,0.111976705,1.0396994,2025-10-19
5.5290947,0.17917432,1.2327926,2025-10-20
8.029408,0.11788873,0.9754024,2025-10-21
6.2904854,0.1499171,1.3727077,2025-10-22
9.092884,0.10567327,0.9281722,2025-10-23
8.936267,0.106446676,0.88611335,2025-10-24
8.882564,0.10733928,0.87636703,2025-10-25
6.274227,0.15548864,1.2703676,2025-10-26
7.4101467,0.12812915,1.1329501,2025-10-27
7.8034086,0.12122936,1.0893791,2025-10-28
8.328243,0.114492536,1.0084431,2025-10-29
6.1924424,0.1560909,1.4641012,2025-10-30
8.400092,0.11280038,1.3429116,2025-10-31
7.5163136,0.12682103,1.3323796,2025-11-01
6.7433743,0.14096816,1.4835777,2025-11-02
8.9553175,0.108804174,0.9240613,2025-11-03
6.924951,0.1374173,1.2566168,2025-11-04
7.1179485,0.13495277,1.1730597,2025-11-05
7.6370654,0.1319753,1.2048876,2025-11-06
8.7712145,0.11000598,1.1263644,2025-11-07
6.7909527,0.1380377,1.333998,2025-11-08
7.7981634,0.122323185,1.1998434,2025-11-09
6.8145337,0.13910982,1.436838,2025-11-10
7.898258,0.119328424,1.4131047,2025-11-11
6.8563967,0.13593785,1.2538273,2025-11-12
6.2142043,0.15250573,1.3940716,2025-11-13
6.9782033,0.13459715,1.5938878,2025-11-14
7.469494,0.12732497,1.5267752,2025-11-15
6.695206,0.14443746,1.4977432,2025-11-16
5.897338,0.16101359,1.2825243,2025-11-17
5.6849165,0.17408417,1.4822091,2025-11-18
6.3996325,0.16157961,2.1280773,2025-11-19
6.086144,0.15794341,1.5363952,2025-11-20
6.740565,0.15430996,1.6990417,2025-11-21
5.6357355,0.17117438,1.7539155,2025-11-22
5.6683216,0.17117438,1.5810605,2025-11-23
5.6683216,0.17117438,1.5810605,2025-11-24
